taxon_id,name,preferred_common_name,rank,iconic_taxon_name,observations_count
51454,Passiflora caerulea,Bluecrown passionflower,species,Plantae,3291
810560,Vachellia caven,Caven Thorn,species,Plantae,2378
79143,Solanum sisymbriifolium,Red Buffalo-bur,species,Plantae,2144
53478,Commelina erecta,whitemouth dayflower,species,Plantae,1972
162718,Erythrina crista-galli,Cockspur coral tree,species,Plantae,1958
139069,Geoffroea decorticans,Chañar,species,Plantae,1716
64240,Cortaderia selloana,Pampas Grass,species,Plantae,1676
279210,Celtis tala,Desert Hackberry,species,Plantae,1667
50333,Lantana camara,common lantana,species,Plantae,1532
424162,Solidago chilensis,Anise Goldenrod,species,Plantae,1375
541592,Sphaeralcea bonariensis,Latin globemallow,species,Plantae,1357
78954,Salpichroa origanifolia,Cock's-eggs,species,Plantae,1340
441434,Opuntia sulphurea,sulphur cactus,species,Plantae,1321
58334,Nicotiana glauca,tree tobacco,species,Plantae,1319
993381,Clematis campestris,,species,Plantae,1302
84707,Berberis microphylla,Calafate,species,Plantae,1280
792005,Dicliptera squarrosa,Uruguayan Firecracker Plant,species,Plantae,1174
370737,Tillandsia aeranthos,,species,Plantae,1161
631076,Oxypetalum solanoides,,species,Plantae,1151
484057,Sapium haematospermum,,species,Plantae,1115
116713,Larrea divaricata,,species,Plantae,1105
157839,Abutilon grandifolium,hairy abutilon,species,Plantae,1074
76226,Cestrum parqui,green cestrum,species,Plantae,1066
1506725,Sagittaria montevidensis,Aztec arrowhead,species,Plantae,1035
371182,Jodina rhombifolia,,species,Plantae,1034
62829,Parkinsonia aculeata,Mexican palo verde,species,Plantae,1025
165704,Nicotiana longiflora,long-flower tobacco,species,Plantae,1008
59040,Phyla nodiflora,turkey tangle frogfruit,species,Plantae,998
465366,Nothofagus pumilio,Lenga Beech,species,Plantae,985
163317,Glandularia peruviana,Peruvian Mock Vervain,species,Plantae,982
465345,Chiliotrichum diffusum,Fachine,species,Plantae,980
129582,Phytolacca dioica,Ombu,species,Plantae,969
1065391,Erythrostemon gilliesii,yellow bird-of-paradise shrub,species,Plantae,946
77496,Ipomoea indica,oceanblue morning glory,species,Plantae,936
56891,Aloysia gratissima,Whitebrush,species,Plantae,913
846973,Solanum granulosoleprosum,,species,Plantae,893
859233,Austroeupatorium inulifolium,Whiteweed,species,Plantae,891
209956,Parkinsonia praecox,palo brea,species,Plantae,882
84002,Tillandsia recurvata,ballmoss,species,Plantae,873
163683,Herbertia lahue,Prairie Nymph,species,Plantae,863
57913,Baccharis salicifolia,mule fat,species,Plantae,862
372267,Chloraea membranacea,Membranous Greenhood,species,Plantae,855
319327,Embothrium coccineum,Chilean fire bush,species,Plantae,843
904475,Schinus longifolia,,species,Plantae,819
153439,Zinnia peruviana,Peruvian zinnia,species,Plantae,818
797147,Azorella prolifera,Mother-in-law Cushion,species,Plantae,817
869986,Trichocereus candicans,Argentine Giant,species,Plantae,806
79137,Solanum elaeagnifolium,silverleaf nightshade,species,Plantae,804
79487,Verbena bonariensis,purpletop vervain,species,Plantae,801
962637,Pontederia crassipes,common water hyacinth,species,Plantae,789
428312,Condalia microphylla,,species,Plantae,769
424095,Aspidosperma quebracho-blanco,Common White Quebracho,species,Plantae,765
75499,Araujia sericifera,Moth Vine,species,Plantae,764
924824,Pascalia glauca,Sunchillo,species,Plantae,764
525635,Modiolastrum malvifolium,,species,Plantae,735
169064,Solanum glaucophyllum,waxy-leaved nightshade,species,Plantae,727
164075,Ipomoea alba,Moonflower,species,Plantae,725
447708,Ligaria cuneifolia,,species,Plantae,702
50203,Bidens pilosa,Hairy Beggarticks,species,Plantae,698
167072,Pluchea sagittalis,Wingstem Camphorweed,species,Plantae,698
431346,Muehlenbeckia sagittifolia,Maidenhair Vine,species,Plantae,687
430340,Echinopsis leucantha,,species,Plantae,676
464557,Dolichandra cynanchoides,,species,Plantae,669
52344,Ipomoea purpurea,common morning-glory,species,Plantae,658
438208,Cereus aethiops,,species,Plantae,654
346959,Codonorchis lessonii,Dog orchid,species,Plantae,633
871366,Vachellia aroma,,species,Plantae,630
366916,Gaultheria mucronata,Prickly Heath,species,Plantae,624
428962,Quinchamalium chilense,Quinchamali,species,Plantae,615
467158,Pavonia sepium,shell flower,species,Plantae,615
75442,Anemone multifida,Cutleaf Anemone,species,Plantae,614
157498,Heimia salicifolia,sun opener,species,Plantae,613
164208,Jaborosa integrifolia,springblossom,species,Plantae,613
869971,Trichocereus atacamensis,,species,Plantae,610
58058,Heliotropium curassavicum,alkali heliotrope,species,Plantae,608
371186,Scutia buxifolia,,species,Plantae,608
163774,Hibiscus striatus,,species,Plantae,606
77363,Heliotropium amplexicaule,fragrant heliotrope,species,Plantae,600
740103,Schinus fasciculata,,species,Plantae,600
447543,Larrea cuneifolia,,species,Plantae,588
346357,Copernicia alba,Caranday Palm,species,Plantae,579
163871,Hydrocotyle bonariensis,largeleaf pennywort,species,Plantae,577
407502,Nothofagus antarctica,Antarctic Beech,species,Plantae,577
209781,Asclepias mellodora,,species,Plantae,571
79077,Sida rhombifolia,Cuban jute,species,Plantae,568
465349,Empetrum rubrum,Diddle-dee,species,Plantae,565
410471,Alstroemeria aurea,Peruvian Lily,species,Plantae,553
52446,Enterolobium contortisiliquum,Pacara Earpod Tree,species,Plantae,531
431626,Solanum bonariense,,species,Plantae,530
479047,Cypella herbertii,Herbert's goblet flower,species,Plantae,530
410902,Aechmea distichantha,Brazilian vaseplant,species,Plantae,528
165140,Manihot grahamii,hardy tapioca,species,Plantae,527
892085,Amphilophium carolinae,,species,Plantae,524
447706,Hyalis argentea,,species,Plantae,518
146643,Canna indica,Indian shot,species,Plantae,516
169078,Solanum pseudocapsicum,Jerusalem cherry,species,Plantae,513
1493114,Neltuma caldenia,calden,species,Plantae,505
403954,Misodendrum punctulatum,false mistletoe,species,Plantae,504
498893,Larrea nitida,,species,Plantae,501
223926,Lippia alba,Bushy Lippia,species,Plantae,500
859285,Solanum amygdalifolium,,species,Plantae,494
603333,Tessaria integrifolia,,species,Plantae,492
424094,Senecio bonariensis,,species,Plantae,491
139568,Bauhinia forficata,Brazilian orchid tree,species,Plantae,490
450291,Baccharis trimera,,species,Plantae,488
78571,Physalis viscosa,grape groundcherry,species,Plantae,482
133291,Rivina humilis,pigeonberry,species,Plantae,482
872365,Aspilia silphioides,,species,Plantae,482
545573,Araujia odorata,Latexplant,species,Plantae,479
163112,Fuchsia magellanica,Hardy Fuchsia,species,Plantae,478
880795,Urolepis hecatantha,,species,Plantae,470
78589,Pistia stratiotes,Water Lettuce,species,Plantae,468
77844,Luma apiculata,arrayan,species,Plantae,463
870252,Trichocereus terscheckii,Argentine Saguaro,species,Plantae,462
130175,Hyptis mutabilis,Tropical Bushmint,species,Plantae,457
129847,Denmoza rhodacantha,,species,Plantae,455
168837,Senna corymbosa,Argentine Senna,species,Plantae,453
563934,Baccharis dracunculifolia,,species,Plantae,450
218501,Blechnum penna-marina,little hard fern,species,Plantae,449
866204,Grindelia pulchella,,species,Plantae,448
482060,Cyclolepis genistoides,,species,Plantae,445
584095,Dolichandra unguis-cati,Catclaw vine,species,Plantae,445
447545,Nothofagus betuloides,Magellanic beech,species,Plantae,440
460752,Allophylus edulis,cocum,species,Plantae,438
280109,Campuloclinium macrocephalum,Pompom Weed,species,Plantae,436
528837,Baccharis articulata,,species,Plantae,436
867130,Lycium boerhaviifolium,desert plum,species,Plantae,435
543076,Nierembergia linariifolia,dwarf cupflower,species,Plantae,432
346173,Salvia guaranitica,Anise-scented sage,species,Plantae,430
429196,Mutisia spinosa,black queen,species,Plantae,429
525588,Modiolastrum gilliesii,,species,Plantae,429
1138435,Armeria curvifolia,Curved-leaved thrift,species,Plantae,428
424164,Jaborosa runcinata,,species,Plantae,425
823355,Adesmia boronioides,,species,Plantae,425
75727,Baccharis glutinosa,marsh baccharis,species,Plantae,424
55405,Petunia axillaris,large white petunia,species,Plantae,423
126404,Araucaria araucana,monkey-puzzle,species,Plantae,419
539113,Lycium cestroides,Herzog cestrum,species,Plantae,416
79359,Thymophylla pentachaeta,Parralena,species,Plantae,411
544478,Sambucus australis,,species,Plantae,410
484056,Baccharis notosergila,,species,Plantae,408
557627,Eryngium horridum,,species,Plantae,404
168866,Sesbania virgata,wand riverhemp,species,Plantae,403
79382,Tradescantia fluminensis,Rio Spiderwort,species,Plantae,402
427727,Glandularia tenera,Latin American Mock Vervain,species,Plantae,398
465229,Ribes magellanicum,Patagonian wild currant,species,Plantae,398
790108,Araujia angustifolia,,species,Plantae,398
209991,Salix humboldtiana,Humboldt's Willow,species,Plantae,397
71230,Tessaria absinthioides,,species,Plantae,395
78233,Nothoscordum gracile,Onion Weed,species,Plantae,392
428960,Mutisia decurrens,carnation of the field,species,Plantae,391
131169,Mikania cordifolia,Florida Keys Hempvine,species,Plantae,389
52355,Pavonia hastata,Spearleaf Swampmallow,species,Plantae,382
465228,Gunnera magellanica,Pigvine,species,Plantae,382
967278,Baccharis punctulata,,species,Plantae,382
57805,Oxalis articulata,pink-sorrel,species,Plantae,381
79291,Syagrus romanzoffiana,Queen palm,species,Plantae,381
1493104,Neltuma alba,White Carob Tree,species,Plantae,373
84043,Solanum palinacanthum,,species,Plantae,370
443965,Stetsonia coryne,Toothpick Cactus,species,Plantae,368
898657,Senegalia bonariensis,,species,Plantae,368
48363,Tecoma stans,yellow trumpet flower,species,Plantae,367
364987,Butia yatay,yatay palm,species,Plantae,365
57354,Schinus molle,Peruvian Pepper Tree,species,Plantae,363
56822,Bowlesia incana,hoary bowlesia,species,Plantae,362
862010,Stigmaphyllon bonariense,,species,Plantae,361
165115,Malvastrum coromandelianum,three-lobe false mallow,species,Plantae,355
136243,Austrocedrus chilensis,Cordilleran cypress,species,Plantae,354
965730,Glandularia tweedieana,,species,Plantae,353
156145,Atamisquea emarginata,Desert Caper,species,Plantae,351
538621,Solanum argentinum,,species,Plantae,351
430728,Blepharocalyx salicifolius,,species,Plantae,350
164032,Ibicella lutea,Yellow Unicorn-plant,species,Plantae,349
439590,Lepismium lumbricoides,,species,Plantae,349
841141,Lantana megapotamica,,species,Plantae,346
1493099,Strombocarpa strombulifera,argentine screwbean,species,Plantae,345
712404,Gavilea lutea,Yellow Ground Orchid,species,Plantae,344
284004,Sisyrinchium micranthum,Blue Pigroot,species,Plantae,343
868921,Ludwigia elegans,,species,Plantae,340
479950,Tabernaemontana catharinensis,,species,Plantae,338
461583,Berberis empetrifolia,,species,Plantae,335
64179,Verbena litoralis,Seashore vervain,species,Plantae,333
76609,Datura ferox,long-spined thorn-apple,species,Plantae,333
202635,Hypochaeris albiflora,white flatweed,species,Plantae,333
447537,Lycium chilense,Chilean Boxthorn,species,Plantae,329
480270,Senecio subulatus,,species,Plantae,329
544767,Baccharis spicata,,species,Plantae,329
624183,Chuquiraga erinacea,,species,Plantae,329
1555395,Troncosoa seriphioides,,species,Plantae,328
424093,Myrcianthes cisplatensis,,species,Plantae,325
429183,Lobivia formosa,,species,Plantae,325
796450,Argemone subfusiformis,,species,Plantae,324
60276,Bromus catharticus,Rescue Brome,species,Plantae,322
126742,Cecropia pachystachya,Pumpwood,species,Plantae,322
481156,Turnera sidoides,,species,Plantae,322
60951,Hydrocotyle ranunculoides,floating marsh pennywort,species,Plantae,321
79495,Verbesina encelioides,cowpen daisy,species,Plantae,321
487096,Senecio pterophorus,Shoddy Ragwort,species,Plantae,321
83487,Acaena magellanica,Greater Burnet,species,Plantae,320
564997,Senecio pampeanus,,species,Plantae,317
742735,Buddleja stachyoides,Argentine butterfly bush,species,Plantae,316
1433596,Tripogandra diuretica,,species,Plantae,315
157966,Acicarpha tribuloides,,species,Plantae,314
336163,Tropaeolum pentaphyllum,Ladies' Legs,species,Plantae,314
962649,Pontederia azurea,anchored water hyacinth,species,Plantae,313
59035,Solanum americanum,American black nightshade,species,Plantae,312
60220,Ludwigia peploides,floating primrose-willow,species,Plantae,311
160297,Centratherum punctatum,Brazilian bachelor's button,species,Plantae,311
164091,Ipomoea nil,Japanese morning glory,species,Plantae,310
319332,Fabiana imbricata,pichi,species,Plantae,310
441425,Opuntia quimilo,,species,Plantae,310
861992,Myrsine laetevirens,,species,Plantae,310
128667,Solanum laxum,potato vine,species,Plantae,308
865293,Smilax campestris,,species,Plantae,308
337606,Prosopanche americana,,species,Plantae,307
277459,Funastrum clausum,white twinevine,species,Plantae,306
481153,Trixis praestans,,species,Plantae,306
490592,Perezia recurvata,Falkland Lavender,species,Plantae,305
790276,Araujia brachystephana,,species,Plantae,305
430226,Lecanophora heterophylla,,species,Plantae,304
438272,Cleistocactus baumannii,Chaco Torch Cactus,species,Plantae,303
543870,Gomphrena pulchella,,species,Plantae,302
602580,Discaria americana,,species,Plantae,302
447675,Schinus johnstonii,,species,Plantae,301
126424,Parthenium hysterophorus,Santa Maria feverfew,species,Plantae,300
167309,Portulaca grandiflora,moss rose,species,Plantae,299
441419,Opuntia megapotamica,,species,Plantae,298
715301,Phacelia secunda,,species,Plantae,296
165785,Oenothera affinis,,species,Plantae,294
430222,Sphaeralcea miniata,,species,Plantae,294
528742,Tillandsia duratii,,species,Plantae,293
557618,Colletia spinosissima,,species,Plantae,293
159818,Canna glauca,water canna,species,Plantae,292
489760,Grindelia chiloensis,Shrubby Gumweed,species,Plantae,291
76904,Erigeron bonariensis,Flax-leaved Horseweed,species,Plantae,290
430833,Citharexylum montevidense,,species,Plantae,289
186783,Tephrocactus articulatus,Paper-Spined Cholla,species,Plantae,288
461589,Hysterionica jasionoides,,species,Plantae,288
624361,Oreopolus glacialis,,species,Plantae,287
543681,Ficus luschnathiana,,species,Plantae,286
1264667,Zephyranthes tubispatha,Rio Grande copper lily,species,Plantae,286
75766,Bidens laevis,Smooth Beggarticks,species,Plantae,285
332476,Equisetum giganteum,Southern Giant Horsetail,species,Plantae,285
885872,Vernonanthura nudiflora,,species,Plantae,285
430276,Nothofagus dombeyi,Dombey's Beech,species,Plantae,284
873955,Achyrocline saturejoides,,species,Plantae,284
75843,Bothriochloa laguroides,Silver beard grass,species,Plantae,283
803124,Acanthostyles buniifolius,,species,Plantae,283
167940,Richardia brasiliensis,Tropical Mexican Clover,species,Plantae,282
128757,Sacoila lanceolata,Leafless Beaked Lady Orchid,species,Plantae,280
569081,Azorella monantha,Tufted azorella,species,Plantae,278
83642,Eugenia uniflora,Surinam cherry,species,Plantae,277
447704,Zuccagnia punctata,,species,Plantae,277
489502,Berberis ilicifolia,holly barberry,species,Plantae,277
531614,Pavonia aurigloba,,species,Plantae,277
75751,Berberis darwinii,Darwin's Barberry,species,Plantae,275
336677,Solanum chenopodioides,tall nightshade,species,Plantae,275
429176,Bulnesia retama,,species,Plantae,274
161256,Cuphea glutinosa,sticky waxweed,species,Plantae,273
1446701,Parodia erinaceus,,species,Plantae,272
79313,Tagetes minuta,wild marigold,species,Plantae,271
429151,Bougainvillea spinosa,,species,Plantae,271
633488,Gaya parviflora,,species,Plantae,271
77624,Lantana montevidensis,creeping lantana,species,Plantae,267
135403,Luehea divaricata,,species,Plantae,267
47445,Mimosa pigra,Giant Sensitive Plant,species,Plantae,266
543079,Lithraea molleoides,,species,Plantae,266
75457,Anredera cordifolia,Mignonette vine,species,Plantae,264
925179,Baccharis aliena,,species,Plantae,262
286252,Psychotria carthagenensis,amyruca,species,Plantae,261
540992,Gaillardia megapotamica,,species,Plantae,260
626809,Vassobia breviflora,,species,Plantae,260
75386,Alternanthera philoxeroides,Alligatorweed,species,Plantae,259
164850,Ludwigia bonariensis,,species,Plantae,256
157974,Acmella decumbens,Creeping Spotflower,species,Plantae,255
407490,Gymnocoronis spilanthoides,Senegal tea,species,Plantae,255
601675,Croton urucurana,,species,Plantae,255
790841,Tillandsia recurvifolia,,species,Plantae,254
71222,Suaeda divaricata,Jume,species,Plantae,252
126496,Oxalis adenophylla,Silver Shamrock,species,Plantae,252
528701,Olsynium junceum,,species,Plantae,252
512754,Salvia cuspidata,Lucky Punasage,species,Plantae,251
806760,Calceolaria polyrhiza,,species,Plantae,251
804951,Callianthe pauciflora,,species,Plantae,249
527637,Maytenus vitis-idaea,,species,Plantae,247
854678,Cayaponia podantha,,species,Plantae,247
1019421,Porlieria microphylla,,species,Plantae,247
410703,Margyricarpus pinnatus,Pearl fruit,species,Plantae,246
870914,Inga uraguensis,,species,Plantae,246
79068,Setaria parviflora,knotroot bristlegrass,species,Plantae,245
126633,Ruellia simplex,Mexican Ruellia,species,Plantae,243
1477875,Pseudalbizzia inundata,,species,Plantae,243
47159,Schoenoplectus californicus,California bulrush,species,Plantae,242
79065,Sesbania punicea,Scarlet Sesbane,species,Plantae,242
357300,Eugenia myrcianthes,,species,Plantae,241
489666,Calceolaria uniflora,Darwin's Slipper,species,Plantae,239
565053,Philibertia gilliesii,,species,Plantae,239
83832,Ximenia americana,Hog plum,species,Plantae,238
160646,Cissus verticillata,Possum grape,species,Plantae,237
366111,Trithrinax campestris,,species,Plantae,237
1127919,Sarcomphalus mistol,,species,Plantae,237
438962,Gymnocalycium monvillei,,species,Plantae,236
490878,Lomatia hirsuta,Radal,species,Plantae,236
543080,Salvia pallida,,species,Plantae,236
543802,Janusia guaranitica,,species,Plantae,236
77969,Maytenus boaria,Maiten tree,species,Plantae,235
791835,Berberis ruscifolia,,species,Plantae,235
474124,Chloraea magellanica,Porcelain orchid,species,Plantae,234
159075,Atriplex lampa,South American Saltbush,species,Plantae,233
570945,Ourisia ruellioides,,species,Plantae,233
52599,Pontederia cordata,pickerelweed,species,Plantae,232
479949,Tristerix corymbosus,Quintral,species,Plantae,232
795524,Monttea aphylla,,species,Plantae,232
274158,Chaptalia nutans,Silver Puff,species,Plantae,231
870911,Cuphea fruticosa,,species,Plantae,231
898742,Senegalia praecox,,species,Plantae,231
285357,Cuphea racemosa,,species,Plantae,229
126392,Caltha sagittata,Arrow-leaved Marigold,species,Plantae,228
130870,Iresine diffusa,Juba's Bush,species,Plantae,228
1169181,Solanum pilcomayense,,species,Plantae,228
129588,Maihuenia patagonica,Chupasangre,species,Plantae,227
830545,Agalinis communis,,species,Plantae,227
441705,Parodia mammulosa,,species,Plantae,226
78087,Modiola caroliniana,Bristly Mallow,species,Plantae,225
715323,Mandevilla petraea,,species,Plantae,224
872007,Senegalia gilliesii,,species,Plantae,224
428955,Eryngium paniculatum,Chupalla,species,Plantae,223
706009,Tillandsia tricholepis,,species,Plantae,222
277922,Teucrium vesicarium,,species,Plantae,221
447398,Colliguaja integerrima,,species,Plantae,221
1199706,Tillandsia pedicellata,,species,Plantae,219
76765,Eclipta prostrata,False Daisy,species,Plantae,218
465356,Gaultheria pumila,Mountain berry,species,Plantae,218
170415,Zephyranthes candida,White rain-lily,species,Plantae,217
544063,Gomesa bifolia,,species,Plantae,217
181319,Ruprechtia apetala,,species,Plantae,216
794171,Convolvulus hermanniae,,species,Plantae,216
160266,Celtis pallida,spiny hackberry,species,Plantae,215
289607,Cyrtocymura scorpioides,,species,Plantae,215
1264600,Zephyranthes bifida,Oxblood Lily,species,Plantae,215
1304538,Croton gracilipes,,species,Plantae,214
169349,Stenandrium dulce,Sweet Shaggytuft,species,Plantae,213
474126,Chloraea alpina,Patagonian Alpine Orchid,species,Plantae,213
62859,Psidium guajava,Common guava,species,Plantae,212
438976,Gymnocalycium saglionis,,species,Plantae,212
278781,Drimys winteri,Winter's Bark,species,Plantae,209
79345,Thelesperma megapotamicum,Rayless Greenthread,species,Plantae,208
60202,Myriophyllum aquaticum,Parrot's feather,species,Plantae,207
230664,Scoparia montevidensis,broomwort,species,Plantae,207
49569,Tillandsia usneoides,Spanish moss,species,Plantae,206
431232,Lippia turbinata,,species,Plantae,206
870042,Trichocereus strigosus,,species,Plantae,206
902968,Schinopsis lorentzii,,species,Plantae,206
143701,Scutellaria racemosa,South American Skullcap,species,Plantae,205
336376,Senecio smithii,Magellan Ragwort,species,Plantae,205
559683,Cleome houtteana,Spider flower,species,Plantae,205
58203,Malvella leprosa,alkali mallow,species,Plantae,204
484839,Proustia cuneifolia,,species,Plantae,204
1493129,Neltuma flexuosa,,species,Plantae,203
57920,Xanthium strumarium,rough cocklebur,species,Plantae,202
77493,Ipheion uniflorum,Spring starflower,species,Plantae,202
122576,Evolvulus sericeus,silky evolvulus,species,Plantae,202
465433,Rubus geoides,Falkland Strawberry,species,Plantae,202
163028,Flaveria bidentis,speedyweed,species,Plantae,201
204417,Sphaeralcea mendocina,Mendoza Globemallow,species,Plantae,201
565000,Aristolochia argentina,,species,Plantae,201
489105,Anemone decapetala,Southern Anemone,species,Plantae,200
1023123,Pfaffia gnaphalioides,,species,Plantae,200
624845,Saxifraga magellanica,fuegian saxifrage,species,Plantae,199
873827,Ipomoea grandifolia,,species,Plantae,199
878629,Chromolaena hirsuta,,species,Plantae,199
158223,Alstroemeria psittacina,Peruvian Lily,species,Plantae,198
325607,Anarthrophyllum desideratum,mataguanaco,species,Plantae,197
887202,Zanthoxylum coco,,species,Plantae,197
159204,Begonia cucullata,Wax begonia,species,Plantae,196
327664,Cereus hildmannianus,Andes organ pipe cactus,species,Plantae,196
424124,Sisyrinchium platense,,species,Plantae,196
542070,Passiflora misera,,species,Plantae,195
924681,Tristagma patagonicum,,species,Plantae,195
364167,Acrocomia totai,totai palm,species,Plantae,192
447991,Senecio filaginoides,,species,Plantae,191
473032,Azorella trifurcata,Cushion Bolax,species,Plantae,191
825338,Krapovickasia flavescens,,species,Plantae,191
480386,Junellia seriphioides,,species,Plantae,190
564993,Acalypha communis,,species,Plantae,190
855528,Pinnasa bergii,,species,Plantae,190
1493103,Neltuma affinis,,species,Plantae,190
77550,Juncus acutus,spiny rush,species,Plantae,189
158270,Ambrosia tenuifolia,Lacy Ragweed,species,Plantae,189
439003,Harrisia pomanensis,Midnight-Lady,species,Plantae,189
448484,Polylepis australis,,species,Plantae,189
78618,Plantago patagonica,Woolly Plantain,species,Plantae,188
807297,Nymphoides humboldtiana,Floatingheart,species,Plantae,188
1071049,Lycium tenuispinosum,,species,Plantae,188
319972,Cumulopuntia boliviana,,species,Plantae,187
508771,Puya spathacea,,species,Plantae,187
971812,Buddleja cordobensis,,species,Plantae,187
704947,Nassauvia magellanica,Hairy chocolate flower,species,Plantae,186
781518,Eryngium ebracteatum,,species,Plantae,186
200054,Euphorbia serpens,Matted Sandmat,species,Plantae,185
881522,Aspilia montevidensis,,species,Plantae,185
159852,Cardiospermum grandiflorum,Showy Balloon Vine,species,Plantae,184
363583,Opuntia elata,Riverina pear,species,Plantae,184
876538,Libidibia paraguariensis,,species,Plantae,184
166212,Passiflora morifolia,woodland passionflower,species,Plantae,182
564994,Lepechinia floribunda,,species,Plantae,182
790101,Eryngium eburneum,,species,Plantae,182
552880,Glandularia platensis,,species,Plantae,181
75732,Bacopa monnieri,Herb-of-Grace,species,Plantae,180
83168,Araucaria angustifolia,Paraná Araucaria,species,Plantae,180
961374,Nierembergia aristata,,species,Plantae,180
1493150,Neltuma nigra,,species,Plantae,180
290016,Peltophorum dubium,Yellow Poinciana,species,Plantae,177
542500,Heteropterys glabra,red wing,species,Plantae,177
806631,Calceolaria biflora,Yellow Lady's Slipper,species,Plantae,177
882389,Cissus palmata,,species,Plantae,177
544212,Eryngium elegans,,species,Plantae,176
634426,Cucurbitella asperata,,species,Plantae,176
796601,Paullinia elegans,,species,Plantae,176
506308,Bidens subalternans,Greater Beggarticks,species,Plantae,175
705214,Baccharis ulicina,,species,Plantae,175
55367,Fragaria chiloensis,beach strawberry,species,Plantae,174
772982,Orthosia virgata,,species,Plantae,174
790303,Senecio selloi,,species,Plantae,173
286502,Urera baccifera,Scratchbush,species,Plantae,172
624415,Hypochaeris incana,,species,Plantae,171
636174,Bolax gummifera,Balsam-bog,species,Plantae,171
870396,Lobivia bruchii,,species,Plantae,171
159650,Calibrachoa parviflora,seaside petunia,species,Plantae,169
345545,Victoria cruziana,Santa Cruz Waterlily,species,Plantae,169
442811,Pterocactus tuberosus,,species,Plantae,169
782326,Capparicordis tweedieana,,species,Plantae,169
1238369,Leptospron adenanthum,,species,Plantae,169
465569,Glandularia aristigera,South American mock vervain,species,Plantae,168
947662,Lantana grisebachii,,species,Plantae,168
83488,Acaena ovalifolia,Two-spined Acaena,species,Plantae,167
316752,Arenaria serpens,,species,Plantae,167
484147,Senna aphylla,,species,Plantae,166
910345,Nectandra angustifolia,,species,Plantae,166
1017159,Opuntia rioplatensis,,species,Plantae,166
138577,Senna pendula,Christmas Senna,species,Plantae,165
280039,Chromolaena ivifolia,Ivyleaf Thoroughwort,species,Plantae,165
181593,Aristotelia chilensis,Chilean Wineberry,species,Plantae,164
208759,Convolvulus crenatifolius,,species,Plantae,164
1080289,Zephyranthes gilliesiana,,species,Plantae,164
165658,Nassella neesiana,Chilean Needle Grass,species,Plantae,163
541860,Chuquiraga avellanedae,,species,Plantae,162
840838,Ceiba chodatii,,species,Plantae,162
796520,Oxypetalum coccineum,,species,Plantae,161
1254002,Tessaria dodonaeifolia,,species,Plantae,160
48685,Typha latifolia,broadleaf cattail,species,Plantae,159
790234,Discaria chacaye,,species,Plantae,159
1038287,Solanum juvenale,,species,Plantae,159
62944,Cardiospermum halicacabum,Lesser Balloon Vine,species,Plantae,158
77423,Hoffmannseggia glauca,Indian rushpea,species,Plantae,158
482895,Tillandsia lorentziana,,species,Plantae,158
1117850,Schinus patagonica,,species,Plantae,158
169489,Symphyotrichum squamatum,saltmarsh aster,species,Plantae,157
431288,Maytenus ilicifolia,,species,Plantae,157
440126,Maihueniopsis darwinii,,species,Plantae,157
489261,Pitraea cuneato-ovata,,species,Plantae,156
791130,Deuterocohnia longipetala,,species,Plantae,156
77541,Jacaranda mimosifolia,blue jacaranda,species,Plantae,155
131583,Vigna luteola,Wild Cowpea,species,Plantae,155
169944,Tridax procumbens,Tridax Daisy,species,Plantae,155
206261,Echinodorus grandiflorus,Large-flowered Amazon,species,Plantae,155
405814,Salvia uliginosa,Bog sage,species,Plantae,155
443389,Schinopsis balansae,,species,Plantae,155
1493144,Neltuma kuntzei,,species,Plantae,155
127912,Thalia geniculata,alligator flag,species,Plantae,154
326106,Praxelis clematidea,pussyfoot,species,Plantae,152
527639,Mandevilla pentlandiana,,species,Plantae,152
886707,Zexmenia buphtalmiflora,,species,Plantae,152
968741,Eryngium coronatum,,species,Plantae,152
347994,Cereus forbesii,,species,Plantae,151
438596,Echinopsis rhodotricha,,species,Plantae,151
965470,Baccharis magellanica,Christmas Bush,species,Plantae,151
77310,Gunnera tinctoria,Chilean rhubarb,species,Plantae,150
1008575,Opuntia bonaerensis,,species,Plantae,150
283656,Hypoxis decumbens,coquí,species,Plantae,149
474123,Chusquea culeou,,species,Plantae,149
742012,Valeriana carnosa,,species,Plantae,149
790506,Picrosia longifolia,,species,Plantae,149
855357,Ranunculus apiifolius,,species,Plantae,149
181815,Petunia integrifolia,violetflower petunia,species,Plantae,148
281420,Zanthoxylum rhoifolium,Tambataru,species,Plantae,148
480702,Calycera crassifolia,,species,Plantae,148
735369,Adenocaulon chilense,Straightflowered trailplant,species,Plantae,148
1081582,Maytenus spinosa,,species,Plantae,148
346964,Olsynium biflorum,streaked maiden,species,Plantae,147
564156,Microgramma mortoniana,,species,Plantae,147
856973,Lippia junelliana,,species,Plantae,147
881503,Baccharis linearifolia,,species,Plantae,147
48497,Gleditsia amorphoides,,species,Plantae,146
127942,Verbena rigida,Slender Vervain,species,Plantae,146
794310,Stevia satureiifolia,,species,Plantae,146
801344,Nassauvia axillaris,,species,Plantae,146
60295,Paspalum dilatatum,Dallis grass,species,Plantae,145
559066,Gochnatia glutinosa,,species,Plantae,145
783137,Mirabilis ovata,,species,Plantae,145
167843,Rhynchosida physocalyx,beaked sida,species,Plantae,144
76746,Dysphania ambrosioides,Mexican tea,species,Plantae,143
163869,Hydrocleys nymphoides,Water Poppy,species,Plantae,143
1610436,Iocenes virens,,species,Plantae,143
170401,Zanthoxylum fagara,Lime Prickly-ash,species,Plantae,142
427405,Croton bonplandianus,Bonpland's croton,species,Plantae,142
878162,Castela coccinea,,species,Plantae,142
75455,Anoda cristata,violettas,species,Plantae,141
438707,Eriosyce strausiana,,species,Plantae,141
451790,Ranunculus peduncularis,,species,Plantae,141
635475,Primula magellanica,Dusty Miller,species,Plantae,141
791357,Adesmia corymbosa,,species,Plantae,141
854660,Justicia brasiliana,,species,Plantae,141
986540,Baccharis juncea,,species,Plantae,141
1593561,Salmonopuntia salmiana,,species,Plantae,141
48178,Galinsoga parviflora,Gallant Soldier,species,Plantae,140
143429,Aristolochia fimbriata,White Veined Pipevine,species,Plantae,140
162153,Duranta erecta,Skyflower,species,Plantae,140
525583,Collaea argentina,,species,Plantae,139
549179,Noticastrum diffusum,,species,Plantae,139
1644302,Austroflourensia thurifera,,species,Plantae,139
876539,Tabebuia nodosa,,species,Plantae,138
162726,Escallonia rubra,redclaws,species,Plantae,137
602587,Nierembergia rigida,,species,Plantae,137
768985,Cestrum strigilatum,strigilate cestrum,species,Plantae,137
544608,Chromolaena arnottiana,,species,Plantae,135
1072162,Xylosma venosa,,species,Plantae,135
121263,Tipuana tipu,Pride of Bolivia,species,Plantae,134
135485,Ephedra ochreata,,species,Plantae,134
288987,Chromolaena laevigata,,species,Plantae,134
430643,Anadenanthera colubrina,Red Angico,species,Plantae,134
527649,Misodendrum linearifolium,,species,Plantae,134
349274,Senecio vira-vira,,species,Plantae,133
62894,Vallesia glabra,Pearlberry,species,Plantae,132
709838,Blumenbachia insignis,,species,Plantae,132
790464,Terminalia australis,,species,Plantae,132
801351,Nassauvia glomerulosa,,species,Plantae,132
808333,Handroanthus heptaphyllus,,species,Plantae,132
60987,Lepidium didymum,Lesser swine-cress,species,Plantae,131
474125,Gavilea odoratissima,Fragrant Gavilea,species,Plantae,130
571199,Escallonia virgata,,species,Plantae,130
1031277,Agalinis genistifolia,,species,Plantae,130
181910,Maytenus magellanica,Magellanic mayten,species,Plantae,129
186782,Tephrocactus alexanderi,,species,Plantae,129
403721,Mandevilla laxa,Chilean jasmine,species,Plantae,128
440127,Maihueniopsis glomerata,,species,Plantae,128
441706,Parodia microsperma,,species,Plantae,128
1493102,Strombocarpa torquata,,species,Plantae,128
324277,Senna crassiramea,,species,Plantae,127
287387,Hydrocotyle leucocephala,Brazilian Pennywort,species,Plantae,126
439586,Lepismium cruciforme,,species,Plantae,126
544611,Barnadesia odorata,,species,Plantae,126
870009,Lobivia ferox,,species,Plantae,126
888320,Buddleja mendozensis,,species,Plantae,126
58372,Distichlis spicata,Saltgrass,species,Plantae,125
169088,Solanum viarum,tropical soda-apple,species,Plantae,125
444259,Tephrocactus aoracanthus,,species,Plantae,125
1114853,Chaetogastra gracilis,,species,Plantae,125
804788,Trichocline reptans,,species,Plantae,124
900681,Cupania vernalis,,species,Plantae,124
965421,Senecio ceratophylloides,,species,Plantae,124
1549072,Cinnagrostis viridiflavescens,,species,Plantae,124
169769,Tillandsia tenuifolia,,species,Plantae,123
343812,Calceolaria crenatiflora,,species,Plantae,123
464400,Baccharis crispa,,species,Plantae,123
482839,Bromelia balansae,Heart of Flame,species,Plantae,123
166755,Phyllanthus niruri,stone breaker tea,species,Plantae,122
273914,Sideroxylon obtusifolium,,species,Plantae,122
1518361,Labatia salicifolia,,species,Plantae,122
207116,Pontederia rotundifolia,Tropical pickerelweed,species,Plantae,121
704556,Hypseocharis pimpinellifolia,,species,Plantae,121
886959,Phlegmariurus saururus,Lizard Firmoss,species,Plantae,121
1046248,Chromolaena hookeriana,,species,Plantae,121
170151,Verbena montevidensis,Uruguayan Vervain,species,Plantae,120
483529,Pfaffia glomerata,,species,Plantae,120
871765,Ipomoea hieronymi,,species,Plantae,120
126634,Pyrostegia venusta,Flame vine,species,Plantae,119
154290,Ceiba speciosa,Silk floss tree,species,Plantae,119
280909,Solanum betaceum,tamarillo,species,Plantae,119
881511,Melica macra,,species,Plantae,119
59055,Cyperus eragrostis,tall flatsedge,species,Plantae,118
884001,Ocotea acutifolia,,species,Plantae,118
926944,Glandularia venturii,,species,Plantae,118
983596,Senna pachyrrhiza,,species,Plantae,118
1228750,Lycium ciliatum,,species,Plantae,118
782268,Salvia procurrens,,species,Plantae,117
785927,Oenothera centaureifolia,,species,Plantae,117
1457043,Helenium uniflorum,,species,Plantae,117
116694,Desmodium incanum,creeping beggarweed,species,Plantae,116
805192,Acaena splendens,,species,Plantae,116
985710,Thaumatophyllum bipinnatifidum,Tree Philodendron,species,Plantae,116
135482,Ephedra triandra,,species,Plantae,115
557629,Siphocampylus foliosus,,species,Plantae,114
786063,Senecio brasiliensis,,species,Plantae,114
791168,Jatropha excisa,,species,Plantae,114
75835,Boerhavia diffusa,Wineflower,species,Plantae,113
1201164,Ananas macrodontes,False Pineapple,species,Plantae,113
623458,Calceolaria filicaulis,,species,Plantae,112
856079,Pavonia cymbalaria,,species,Plantae,112
425207,Cephalanthus glabratus,,species,Plantae,111
439290,Kageneckia lanceolata,,species,Plantae,111
560005,Tillandsia capillaris,,species,Plantae,111
78701,Porophyllum ruderale,yerba porosa,species,Plantae,110
79078,Sida spinosa,prickly fanpetals,species,Plantae,110
717369,Gomphrena elegans,,species,Plantae,110
793758,Ruellia angustiflora,,species,Plantae,110
984519,Urvillea uniloba,,species,Plantae,110
157462,Harrisia bonplandii,Giant Red Dragon Apple Cactus,species,Plantae,109
279660,Chascolytrum subaristatum,,species,Plantae,109
430869,Colletia hystrix,,species,Plantae,109
488468,Tillandsia didisticha,,species,Plantae,109
51448,Passiflora foetida,Stinking Passionflower,species,Plantae,108
61963,Oxalis debilis,Largeflower pink-sorrel,species,Plantae,108
332596,Galianthe brasiliensis,,species,Plantae,108
336585,Hypochaeris chillensis,Brazilian Cat's-ear,species,Plantae,108
543868,Urera aurantiaca,,species,Plantae,108
634208,Baccharis spartioides,,species,Plantae,108
164514,Lepidium bonariense,Argentine Cress,species,Plantae,107
447996,Adesmia pinifolia,,species,Plantae,107
853701,Achatocarpus praecox,,species,Plantae,107
1077201,Gomphrena perennis,,species,Plantae,107
76791,Eleusine tristachya,three-spiked goose grass,species,Plantae,106
79440,Triodanis biflora,Venus's looking-glass,species,Plantae,106
361076,Oxalis enneaphylla,Scurvygrass woodsorrel,species,Plantae,106
58754,Azolla filiculoides,water fern,species,Plantae,105
569876,Gomphrena celosioides,prostrate globe-amaranth,species,Plantae,105
78456,Persicaria punctata,Dotted Smartweed,species,Plantae,104
160643,Cissampelos pareira,Velvetleaf,species,Plantae,104
162914,Evolvulus arizonicus,Arizona blue-eyes,species,Plantae,103
179391,Bidens triplinervia,,species,Plantae,103
273870,Casearia sylvestris,crackopen,species,Plantae,103
788222,Aristolochia triangularis,Triangular Dutchmanspipe,species,Plantae,103
438979,Gymnocalycium spegazzinii,,species,Plantae,102
488444,Caiophora chuquitensis,,species,Plantae,102
823731,Calyptocarpus brasiliensis,,species,Plantae,102
1031333,Portulaca cryptopetala,,species,Plantae,102
430749,Brunfelsia australis,southern raintree,species,Plantae,101
870259,Acanthocalycium thionanthum,,species,Plantae,101
543081,Bougainvillea stipitata,,species,Plantae,100
602052,Euphorbia portulacoides,,species,Plantae,100
983631,Vernonia incana,,species,Plantae,100
1493119,Neltuma chilensis,Chilean Mesquite,species,Plantae,100
565008,Tripodanthus flagellaris,,species,Plantae,99
891981,Sebastiania commersoniana,,species,Plantae,99
1264638,Lessingianthus rubricaulis,,species,Plantae,99
83009,Viola reichei,Patagonian yellow violet,species,Plantae,98
126569,Stachytarpheta cayennensis,Rattail,species,Plantae,98
165060,Macroptilium lathyroides,Phasey Bean,species,Plantae,98
165389,Mikania micrantha,mile-a-minute,species,Plantae,98
440878,Myrcianthes pungens,,species,Plantae,98
638995,Oxalis hispidula,fine bristle woodsorrel,species,Plantae,98
1038195,Grindelia scorzonerifolia,,species,Plantae,98
570676,Callianthe picta,Redvein Abutilon,species,Plantae,97
1108231,Berberis serratodentata,,species,Plantae,97
165865,Oplismenus hirtellus,Basket Grass,species,Plantae,96
479632,Erythrina falcata,Brazilian coral tree,species,Plantae,96
708807,Pacourina edulis,,species,Plantae,96
732719,Geum magellanicum,magellanic avens,species,Plantae,96
1051092,Aeschynomene montevidensis,,species,Plantae,96
158231,Alternanthera pungens,creeping chaffweed,species,Plantae,95
276579,Cyclopogon elatus,Tall Spiral Orchid,species,Plantae,95
281753,Chamissoa altissima,false chaff flower,species,Plantae,95
380978,Senecio crassiflorus,lavender steps,species,Plantae,95
437335,Austrocactus bertinii,,species,Plantae,95
887393,Tillandsia australis,,species,Plantae,95
962891,Plantago tomentosa,Dwarf Plantain,species,Plantae,95
847649,Bromelia serra,Bayonet Bromeliad,species,Plantae,94
850573,Limnobium laevigatum,Amazon Frogbit,species,Plantae,94
850843,Lucilia acutifolia,,species,Plantae,94
1390397,Persicaria stelligera,,species,Plantae,94
166188,Paspalum notatum,Bahia grass,species,Plantae,93
554013,Verbena intermedia,,species,Plantae,93
893164,Parasenegalia visco,Viscote Negro,species,Plantae,93
282976,Stemodia verticillata,Whorled Twintip,species,Plantae,92
769364,Cordia americana,,species,Plantae,92
865025,Oxalis conorrhiza,,species,Plantae,92
1079583,Lycium infaustum,,species,Plantae,92
869329,Vasconcellea quercifolia,oak-leaf pawpaw,species,Plantae,91
878622,Holocheilus hieracioides,,species,Plantae,91
1493165,Neltuma ruscifolia,,species,Plantae,91
164076,Ipomoea amnicola,Redcenter Morning-glory,species,Plantae,90
166499,Peperomia tetraphylla,acorn peperomia,species,Plantae,90
635480,Leptinella scariosa,Buttonweed,species,Plantae,90
135639,Podocarpus parlatorei,Pino Blanco,species,Plantae,89
165300,Mentzelia albescens,Wavyleaf mentzelia,species,Plantae,89
170213,Vicia nigricans,Black Vetch,species,Plantae,89
545073,Cynophalla retusa,,species,Plantae,89
790503,Angelonia integerrima,,species,Plantae,89
53166,Osmorhiza berteroi,mountain sweet cicely,species,Plantae,88
166292,Pellaea ternifolia,trans-Pecos cliffbrake,species,Plantae,88
438225,Cereus stenogonus,,species,Plantae,88
527644,Desfontainia fulgens,Chilean Holly,species,Plantae,88
545074,Microgramma vacciniifolia,,species,Plantae,88
702537,Solanum chacoense,Chaco potato,species,Plantae,88
801354,Nassauvia lagascae,,species,Plantae,88
61230,Acaena pinnatifida,Argentinian biddy biddy,species,Plantae,87
156460,Pseudogynoxys benthamii,,species,Plantae,87
430868,Colletia paradoxa,Anchor plant,species,Plantae,87
55189,Aristolochia littoralis,Calico-flower,species,Plantae,86
168847,Senna occidentalis,Coffee Senna,species,Plantae,86
324502,Euploca procumbens,fourspike heliotrope,species,Plantae,86
461593,Tristerix verticillatus,,species,Plantae,86
482064,Ehretia cortesia,,species,Plantae,86
1526366,Lysimachia amoena,Pimpernel,species,Plantae,86
1590558,Solanum tweedieanum,,species,Plantae,86
1658603,Xiphodesma anthemoides,,species,Plantae,86
78156,Myriophyllum quitense,andean water-milfoil,species,Plantae,85
135931,Fitzroya cupressoides,Patagonian cypress,species,Plantae,85
155135,Euterpe edulis,,species,Plantae,85
801411,Junellia crithmifolia,,species,Plantae,85
869974,Lobivia aurea,,species,Plantae,85
950658,Justicia goudotii,,species,Plantae,85
130872,Schinus terebinthifolia,Brazilian pepper,species,Plantae,84
189148,Alnus acuminata,Andean Alder,species,Plantae,84
361866,Talinum fruticosum,Philippine spinach,species,Plantae,84
1038342,Vachellia astringens,,species,Plantae,84
1062905,Gonopterodendron sarmientoi,,species,Plantae,84
61210,Microsteris gracilis,slender phlox,species,Plantae,83
205050,Oreocereus celsianus,Old-man-of-the-Andes,species,Plantae,82
431348,Myrceugenia glaucescens,,species,Plantae,82
442990,Rhipsalis floccosa,,species,Plantae,82
490879,Maytenus disticha,,species,Plantae,82
165207,Mecardonia procumbens,Yellow-flowered waterhyssop,species,Plantae,81
161825,Dichondra sericea,silverleaf ponysfoot,species,Plantae,80
568684,Canavalia bonariensis,,species,Plantae,80
792848,Salicornia neei,South American Glasswort,species,Plantae,80
1043279,Cestrum lorentzianum,,species,Plantae,80
1493107,Neltuma alpataco,,species,Plantae,80
162267,Elephantopus mollis,elephant's foot,species,Plantae,79
543869,Stemodia lanceolata,,species,Plantae,79
937379,Quechualia fulta,,species,Plantae,79
1006950,Annona emarginata,,species,Plantae,79
631312,Erythranthe lutea,Blood-drop-emlets,species,Plantae,78
937397,Erigeron primulifolius,Chilean Fleabane,species,Plantae,78
1471063,Myrsine lorentziana,,species,Plantae,78
50338,Ludwigia peruviana,Peruvian primrose-willow,species,Plantae,77
634492,Lycium gilliesianum,,species,Plantae,77
765800,Sida poeppigiana,,species,Plantae,77
1043428,Gyptis tanacetifolia,,species,Plantae,77
127681,Centrosema virginianum,butterfly pea,species,Plantae,76
438214,Cereus hankeanus,,species,Plantae,76
764620,Ruprechtia laxiflora,,species,Plantae,76
804880,Misodendrum quadriflorum,,species,Plantae,76
1067849,Sisyrinchium pachyrhizum,,species,Plantae,76
279627,Paspalum quadrifarium,tussock paspalum,species,Plantae,75
636176,Luzuriaga marginata,Almond Flower,species,Plantae,75
76563,Cyclospermum leptophyllum,Marsh parsley,species,Plantae,74
204374,Perezia multiflora,,species,Plantae,74
564178,Aechmea recurvata,,species,Plantae,74
886724,Grindelia buphthalmoides,,species,Plantae,74
965729,Thalia multiflora,,species,Plantae,74
984165,Peperomia aceroana,,species,Plantae,74
1264599,Vernonanthura squamulosa,,species,Plantae,74
367032,Manettia cordifolia,Firecracker Vine,species,Plantae,73
871059,Tephrocactus verschaffeltii,,species,Plantae,73
525871,Grahamia bracteata,,species,Plantae,72
825246,Ludwigia sericea,,species,Plantae,72
1072166,Phyllanthus chacoensis,,species,Plantae,72
560872,Holocalyx balansae,,species,Plantae,71
785754,Chrysophyllum marginatum,,species,Plantae,71
804859,Sisyrinchium arenarium,,species,Plantae,71
880906,Smallanthus connatus,,species,Plantae,71
126305,Hamelia patens,Firebush,species,Plantae,70
143422,Ageratum conyzoides,billygoat weed,species,Plantae,70
189511,Aspidosperma polyneuron,Red peroba,species,Plantae,70
290949,Ruellia erythropus,,species,Plantae,70
533361,Calceolaria valdiviana,,species,Plantae,70
779304,Plumbago caerulea,Chilean plumbago,species,Plantae,70
158023,Adiantum raddianum,Delta Maidenhair Fern,species,Plantae,69
977215,Pombalia parviflora,,species,Plantae,69
131569,Crotalaria incana,shakeshake,species,Plantae,68
163526,Harrisia martinii,Moon Cactus,species,Plantae,68
168612,Schkuhria pinnata,dwarf marigold,species,Plantae,68
284610,Aristolochia trilobata,,species,Plantae,68
281611,Guarea macrophylla,,species,Plantae,67
439250,Juglans australis,,species,Plantae,67
871608,Salta triflora,,species,Plantae,67
905137,Leptochloa crinita,false Rhodes grass,species,Plantae,67
1010112,Myrcia selloi,,species,Plantae,67
58755,Cystopteris fragilis,brittle bladderfern,species,Plantae,66
855685,Polystichum plicatum,,species,Plantae,66
1043968,Mentzelia parvifolia,,species,Plantae,66
623234,Gavilea araucana,Araucana orchid,species,Plantae,65
809219,Trichilia elegans,,species,Plantae,65
952228,Sapindus saponaria,Wingleaf Soapberry,species,Plantae,65
1008052,Pleopeltis minima,,species,Plantae,65
51447,Passiflora alata,Winged-Stem Passion Flower,species,Plantae,64
166500,Pereskia aculeata,Barbados gooseberry,species,Plantae,64
523870,Pseudognaphalium gaudichaudianum,,species,Plantae,64
941891,Halerpestes cymbalaria,Alkali Buttercup,species,Plantae,64
965424,Ochetophila trinervis,,species,Plantae,64
1025362,Limonium brasiliense,,species,Plantae,64
1264660,Zephyranthes jamesonii,,species,Plantae,64
741593,Myoschilos oblongus,,species,Plantae,63
790912,Ovidia andina,,species,Plantae,63
823389,Pseudabutilon virgatum,,species,Plantae,63
135399,Cedrela fissilis,Brazilian Cedarwood,species,Plantae,62
465369,Polystichum andinum,,species,Plantae,62
700618,Dioscorea dodecaneura,variegated monkey ball vine,species,Plantae,62
884049,Lonchocarpus nitidus,,species,Plantae,62
626601,Schizanthus grahamii,bright pink Chilean butterfly flower,species,Plantae,61
699074,Sambucus peruviana,Peruvian elder,species,Plantae,61
162930,Facelis retusa,Annual Trampweed,species,Plantae,60
166946,Pityrogramma trifoliata,Goldenrod fern,species,Plantae,60
168255,Rumohra adiantiformis,leathery shieldfern,species,Plantae,60
795785,Commelina platyphylla,Flat-leafed Dayflower,species,Plantae,60
801378,Caiophora lateritia,Brick-Red Caiophora,species,Plantae,60
1063080,Gutierrezia gilliesii,,species,Plantae,60
527643,Gaultheria poeppigii,Chaura,species,Plantae,59
565001,Tripodanthus acutifolius,,species,Plantae,59
1112894,Carex bonariensis,,species,Plantae,59
56422,Ricciocarpos natans,fringed heartwort,species,Plantae,58
283226,Varronia curassavica,Tropical Black Sage,species,Plantae,58
431083,Guettarda uruguensis,,species,Plantae,58
450336,Nothofagus obliqua,Patagonian oak,species,Plantae,58
563841,Acanthosyris spinescens,,species,Plantae,58
829608,Bipinnula penicillata,,species,Plantae,58
903770,Mimozyganthus carinatus,,species,Plantae,58
61374,Physalis angulata,cutleaf groundcherry,species,Plantae,57
168211,Ruellia ciliatiflora,hairyflower ruellia,species,Plantae,57
563297,Parapiptadenia rigida,,species,Plantae,57
854676,Cayaponia bonariensis,melonleaf,species,Plantae,57
856976,Mulguraea tridens,,species,Plantae,57
1067762,Chromolaena christieana,,species,Plantae,57
51446,Passiflora edulis,common passionfruit,species,Plantae,56
77222,Gamochaeta stachidifolia,,species,Plantae,56
431709,Tropaeolum polyphyllum,wreath nasturtium,species,Plantae,56
481728,Myriopteris myriophylla,,species,Plantae,56
490876,Weinmannia trichosperma,Tineo,species,Plantae,56
777164,Arjona tuberosa,,species,Plantae,56
841853,Escallonia cordobensis,,species,Plantae,56
782627,Berberis trigona,Narrow-leaved Barberry,species,Plantae,55
790338,Tragia geraniifolia,,species,Plantae,55
135478,Ephedra frustillata,Patagonian Ephedra,species,Plantae,54
165894,Opuntia monacantha,Drooping Pricklypear,species,Plantae,54
167547,Pterocaulon virgatum,wand blackroot,species,Plantae,54
860983,Trixis divaricata,,species,Plantae,54
969060,Chloroleucon tenuiflorum,,species,Plantae,54
79340,Teucrium cubense,coastal germander,species,Plantae,53
166997,Plantago australis,Swamp plantain,species,Plantae,53
280785,Desmodium uncinatum,Silverleaf Desmodium,species,Plantae,53
442819,Pterogyne nitens,,species,Plantae,53
475490,Viola maculata,common violet,species,Plantae,53
855433,Raukaua laetevirens,devil's elder,species,Plantae,53
143515,Sphagnum magellanicum,Magellanic Peatmoss,species,Plantae,52
181005,Acanthosyris falcata,,species,Plantae,52
182051,Sorocea bonplandii,,species,Plantae,52
381098,Geranium sessiliflorum,,species,Plantae,52
796074,Diostea juncea,,species,Plantae,52
855560,Plantago bismarckii,,species,Plantae,52
901504,Neja pinifolia,,species,Plantae,52
925961,Cortaderia hieronymi,,species,Plantae,52
967426,Baccharis artemisioides,,species,Plantae,52
1074357,Gaillardia cabrerae,,species,Plantae,52
63198,Trifolium polymorphum,peanut clover,species,Plantae,51
285312,Spigelia humboldtiana,,species,Plantae,51
441985,Pfeiffera monacantha,,species,Plantae,51
742130,Asplenium dareoides,,species,Plantae,51
823367,Lathyrus magellanicus,Magellanic vetchling,species,Plantae,51
982388,Daphnopsis racemosa,,species,Plantae,51
48597,Phytolacca bogotensis,Andean Pokeweed,species,Plantae,50
431153,Ipomoea platensis,,species,Plantae,50
438972,Gymnocalycium reductum,,species,Plantae,50
1089995,Mitracarpus megapotamicus,,species,Plantae,50
78356,Paspalum urvillei,Vasey Grass,species,Plantae,49
129327,Passiflora suberosa,corkystem passionflower,species,Plantae,49
161443,Cyperus giganteus,piripiri,species,Plantae,49
184692,Banara arguta,,species,Plantae,49
279563,Jarava ichu,peruvian feather grass,species,Plantae,49
291391,Galium hypocarpium,Orange-fruited bedstraw,species,Plantae,49
325472,Tecoma fulva,,species,Plantae,49
527646,Mitraria coccinea,Chilean Mitre Flower,species,Plantae,49
790126,Bouchetia anomala,,species,Plantae,49
810829,Sisyrinchium patagonicum,Yellow pale maiden,species,Plantae,49
56170,Galinsoga quadriradiata,shaggy soldier,species,Plantae,48
68562,Cosmos bipinnatus,garden cosmos,species,Plantae,48
69172,Pilea microphylla,Artillery Plant,species,Plantae,48
162829,Euphorbia heterophylla,painted spurge,species,Plantae,48
168209,Ruellia brevifolia,Tropical Wild Petunia,species,Plantae,48
326751,Eryngium pandanifolium,Giant Sea Holly,species,Plantae,48
441039,Myrrhinium atropurpureum,,species,Plantae,48
708801,Sphagneticola brachycarpa,,species,Plantae,48
740785,Gavilea australis,,species,Plantae,48
810583,Sarcotoxicum salicifolium,,species,Plantae,48
628732,Lupinus gibertianus,,species,Plantae,47
711077,Spermacoce dasycephala,,species,Plantae,47
713015,Arachnitis uniflora,Spider-flower,species,Plantae,47
880802,Poikilacanthus glandulosus,,species,Plantae,47
1229092,Maihueniopsis hickenii,,species,Plantae,47
60248,Limosella australis,delta mudwort,species,Plantae,46
122711,Dodonaea viscosa,Akeake,species,Plantae,46
135473,Ephedra chilensis,Andean Jointfir,species,Plantae,46
157976,Acmella pusilla,Dwarf Spotflower,species,Plantae,46
635960,Hypochaeris tenuifolia,,species,Plantae,46
880804,Serjania meridionalis,,species,Plantae,46
1047012,Senecio pinnatus,,species,Plantae,46
1116794,Erythrina mulungu,,species,Plantae,46
169016,Sisyrinchium chilense,swordleaf blue-eyed grass,species,Plantae,45
282706,Adiantum chilense,Chilean Maidenhair Fern,species,Plantae,45
286477,Boehmeria caudata,,species,Plantae,45
1080473,Zephyranthes graciliflora,,species,Plantae,45
1493692,Chloroluma gonocarpa,,species,Plantae,45
130888,Erechtites hieraciifolius,American burnweed,species,Plantae,44
169902,Trema micranthum,Nettletree,species,Plantae,44
704519,Blechnum chilense,Chilean hard fern,species,Plantae,44
859862,Gentianella magellanica,Felwort,species,Plantae,44
878631,Eclipta elliptica,,species,Plantae,44
160818,Commelina diffusa,Scrambling Dayflower,species,Plantae,43
164094,Ipomoea plummerae,Huachuca Mountain morning glory,species,Plantae,43
286187,Geophila repens,,species,Plantae,43
418804,Salvinia biloba,Lobed Salvinia,species,Plantae,43
571201,Escallonia alpina,,species,Plantae,43
775412,Pterocaulon alopecuroides,,species,Plantae,43
803528,Myracrodruon balansae,,species,Plantae,43
855369,Cheilanthes glauca,,species,Plantae,43
1254637,Pavonia betonicifolia,,species,Plantae,43
1341071,Feijoa sellowiana,Feijoa,species,Plantae,43
153366,Gamochaeta americana,American Everlasting,species,Plantae,42
327479,Equisetum bogotense,Andean Horsetail,species,Plantae,42
441296,Nothofagus alpina,Rauli,species,Plantae,42
58392,Typha domingensis,southern cattail,species,Plantae,41
84779,Plinia cauliflora,Jaboticaba,species,Plantae,41
184362,Cabralea canjerana,,species,Plantae,41
200053,Euphorbia prostrata,prostrate sandmat,species,Plantae,41
527543,Myrceugenia exsucca,,species,Plantae,41
533509,Habenaria gourlieana,,species,Plantae,41
556969,Jacaratia spinosa,Wild Papaya,species,Plantae,41
797142,Azorella nivalis,,species,Plantae,41
126493,Junellia micrantha,,species,Plantae,40
169171,Spermacoce verticillata,shrubby false buttonweed,species,Plantae,40
705611,Discaria articulata,,species,Plantae,40
1079573,Mimosa rocae,,species,Plantae,40
79187,Sporobolus indicus,smut grass,species,Plantae,39
281274,Handroanthus impetiginosus,pink ipê,species,Plantae,39
544345,Erythranthe glabrata,roundleaf monkeyflower,species,Plantae,39
708050,Atriplex undulata,Wavy-leaved Saltbush,species,Plantae,39
784750,Tillandsia gilliesii,,species,Plantae,39
1144013,Lupinus aureonitens,,species,Plantae,39
1243517,Aldama tucumanensis,,species,Plantae,39
133166,Bocconia frutescens,Parrotweed,species,Plantae,38
193722,Ilex paraguariensis,yerba mate,species,Plantae,38
638324,Asteranthera ovata,Estrellita,species,Plantae,38
1081278,Schinus praecox,,species,Plantae,38
1113916,Parkinsonia andicola,,species,Plantae,38
164081,Ipomoea carnea,Bush Morning Glory,species,Plantae,37
184567,Brasiliopuntia brasiliensis,,species,Plantae,37
191896,Epiphyllum phyllanthus,,species,Plantae,37
282313,Tragia volubilis,fireman,species,Plantae,37
438061,Blossfeldia liliputana,,species,Plantae,37
448195,Bidens andicola,,species,Plantae,37
542011,Tillandsia loliacea,,species,Plantae,37
563409,Zephyranthes minima,,species,Plantae,37
578804,Cordia trichotoma,,species,Plantae,37
801722,Perezia pedicularidifolia,,species,Plantae,37
899454,Ipomoea indivisa,,species,Plantae,37
1078975,Ocotea porphyria,,species,Plantae,37
545792,Marsippospermum grandiflorum,Tall rush,species,Plantae,36
805244,Frankenia triandra,,species,Plantae,36
1045256,Caltha appendiculata,Dwarf marigold,species,Plantae,36
1421299,Rockhausenia pygmaea,,species,Plantae,36
60997,Ceratophyllum demersum,coontail,species,Plantae,35
209943,Maclura tinctoria,Fustic,species,Plantae,35
277704,Crateva tapia,,species,Plantae,35
278326,Piper amalago,jaborandi-manso,species,Plantae,35
283355,Bomarea edulis,salsilla,species,Plantae,35
553050,Senecio candidans,Angel Wings,species,Plantae,35
967110,Mimosa bonplandii,,species,Plantae,35
1524411,Celtis clausseniana,,species,Plantae,35
135546,Saxegothaea conspicua,Prince Albert's yew,species,Plantae,34
161714,Desmanthus virgatus,Wild Tantan,species,Plantae,34
285872,Peperomia rotundifolia,jade necklace,species,Plantae,34
461591,Argylia bustillosii,,species,Plantae,34
1062988,Solanum aloysiifolium,,species,Plantae,34
1104204,Gonopterodendron bonariense,,species,Plantae,34
1555600,Elodea densa,Brazilian elodea,species,Plantae,34
62915,Senna obtusifolia,American Sicklepod,species,Plantae,33
138202,Anemia tomentosa,,species,Plantae,33
400851,Cissus striata,Miniature Grape Ivy,species,Plantae,33
431572,Ruprechtia salicifolia,,species,Plantae,33
538233,Psychotria leiocarpa,,species,Plantae,33
882109,Baccharis darwinii,,species,Plantae,33
972904,Sphaeralcea australis,,species,Plantae,33
1235292,Portulaca gilliesii,,species,Plantae,33
161824,Dichondra repens,kidney weed,species,Plantae,32
274161,Doryopteris concolor,Geranium Fern,species,Plantae,32
400277,Calliandra selloi,Pink Powderpuff,species,Plantae,32
430996,Eugenia pyriformis,,species,Plantae,32
937129,Guadua chacoensis,,species,Plantae,32
1132038,Calliandra tweediei,Mexican flamebush,species,Plantae,32
165806,Oenothera mollissima,,species,Plantae,31
169780,Tithonia rotundifolia,Red Sunflower,species,Plantae,31
366110,Trithrinax schizophylla,,species,Plantae,31
607033,Oenothera odorata,,species,Plantae,31
634375,Sommerfeltia spinulosa,,species,Plantae,31
1063994,Chuquiraga calchaquina,,species,Plantae,31
58133,Cressa truxillensis,Alkali Weed,species,Plantae,30
208820,Nassella trichotoma,Nassella Tussock,species,Plantae,30
327856,Justicia carnea,King's-crown,species,Plantae,30
332785,Panicum racemosum,,species,Plantae,30
543132,Xanthium cavanillesii,,species,Plantae,30
626824,Lomatia ferruginea,Fuinque,species,Plantae,30
795903,Scutellaria nummulariifolia,Skullcap,species,Plantae,30
1007067,Terminalia triflora,,species,Plantae,30
138572,Rhynchosia senna,Texas Snoutbean,species,Plantae,29
138982,Inga marginata,Guabilla,species,Plantae,29
157553,Heliocarpus americanus,white moho,species,Plantae,29
560900,Eugenia involucrata,Cherry of the Rio Grande,species,Plantae,29
565052,Pavonia argentina,,species,Plantae,29
700283,Ramorinoa girolae,,species,Plantae,29
790306,Lobelia hederacea,,species,Plantae,29
957954,Oxalis perdicaria,Chilean wood sorrel,species,Plantae,29
1023208,Oxybasis macrosperma,,species,Plantae,29
1062687,Poissonia hypoleuca,,species,Plantae,29
369393,Cyclosorus interruptus,Swamp Shield-fern,species,Plantae,28
428806,Colobanthus quitensis,Antarctic Pearlwort,species,Plantae,28
564674,Ephedra tweedieana,,species,Plantae,28
779729,Heterostachys ritteriana,,species,Plantae,28
1063254,Descurainia erodiifolia,,species,Plantae,28
1078995,Diatenopteryx sorbifolia,,species,Plantae,28
163875,Hydrolea spinosa,Spiny False Fiddleleaf,species,Plantae,27
443392,Schinus gracilipes,,species,Plantae,27
545679,Lantana fucata,,species,Plantae,27
569643,Mentzelia scabra,,species,Plantae,27
1043722,Xylosma pubescens,,species,Plantae,27
1061455,Senecio jarae,,species,Plantae,27
1156139,Schnella microstachya,,species,Plantae,27
1318829,Notopappus prunelloides,,species,Plantae,27
54520,Tanacetum parthenium,feverfew,species,Plantae,26
131568,Chamaecrista nictitans,sensitive pea,species,Plantae,26
143534,Carex banksii,Bank's sedge,species,Plantae,26
163902,Hygrophila costata,,species,Plantae,26
447550,Schinus odonellii,,species,Plantae,26
549236,Drosera uniflora,Chilean sundew,species,Plantae,26
868832,Passiflora tenuifila,,species,Plantae,26
932398,Senecio ventanensis,,species,Plantae,26
977763,Trimezia candida,white walking iris,species,Plantae,26
979492,Chiropetalum griseum,,species,Plantae,26
1051414,Hennecartia omphalandra,,species,Plantae,26
67423,Ulva lactuca,Broadleaf Sea Lettuce,species,Plantae,25
77309,Guilleminea densa,small matweed,species,Plantae,25
120167,Sapium glandulosum,,species,Plantae,25
133740,Castilleja arvensis,Field Paintbrush,species,Plantae,25
154537,Psidium guineense,Brazilian Guava,species,Plantae,25
161419,Cyperus aggregatus,inflatedscale flatsedge,species,Plantae,25
169301,Sporobolus pyramidatus,whorled dropseed,species,Plantae,25
183730,Diplokeleba floribunda,,species,Plantae,25
465342,Azorella lycopodioides,Clubmoss azorella,species,Plantae,25
467000,Alsophila setosa,,species,Plantae,25
969070,Helietta apiculata,,species,Plantae,25
1005304,Dendrophorbium peregrinum,,species,Plantae,25
1031117,Chrysolaena flexuosa,,species,Plantae,25
1080744,Glandularia flava,,species,Plantae,25
157911,Acanthospermum hispidum,Bindii,species,Plantae,24
427608,Erechtites valerianifolius,fireweed,species,Plantae,24
428978,Haplopappus glutinosus,,species,Plantae,24
431726,Vitex megapotamica,,species,Plantae,24
869965,Lobivia haematantha,,species,Plantae,24
887942,Elaphoglossum gayanum,,species,Plantae,24
897971,Chevreulia sarmentosa,,species,Plantae,24
934750,Parapiptadenia excelsa,,species,Plantae,24
939163,Matayba elaeagnoides,,species,Plantae,24
1198434,Lippia salsa,,species,Plantae,24
84195,Chamaecrista rotundifolia,roundleaf sensitive pea,species,Plantae,23
133307,Oldenlandia salzmannii,,species,Plantae,23
189512,Aspidosperma triternatum,,species,Plantae,23
276816,Juncus imbricatus,Andes Rush,species,Plantae,23
291548,Passiflora capsularis,,species,Plantae,23
327721,Geoffroea spinosa,,species,Plantae,23
486527,Cheilanthes buchtienii,,species,Plantae,23
806669,Calceolaria elatior,,species,Plantae,23
880800,Cleome titubans,,species,Plantae,23
984121,Glandularia scrobiculata,,species,Plantae,23
1065445,Senegalia tucumanensis,,species,Plantae,23
1068162,Croton laureltyanus,,species,Plantae,23
1492411,Loasa mendocina,,species,Plantae,23
75921,Cabomba caroliniana,Carolina Fanwort,species,Plantae,22
76593,Cyperus rotundus,Purple nutsedge,species,Plantae,22
138200,Anemia phyllitidis,,species,Plantae,22
138578,Senna spectabilis,whitebark senna,species,Plantae,22
138796,Mimosa bimucronata,,species,Plantae,22
166623,Pharus lappulaceus,Creeping Leafstalk Grass,species,Plantae,22
279184,Phenax laevigatus,,species,Plantae,22
287292,Alchemilla pinnata,sillu sillu,species,Plantae,22
431459,Pilocarpus pennatifolius,,species,Plantae,22
480303,Phacelia artemisioides,,species,Plantae,22
545380,Guarea kunthiana,,species,Plantae,22
551062,Geophila macropoda,,species,Plantae,22
966265,Eugenia uruguayensis,,species,Plantae,22
55971,Tanacetum vulgare,tansy,species,Plantae,21
77109,Euphorbia cyathophora,wild poinsettia,species,Plantae,21
125462,Nothoscordum bivalve,crowpoison,species,Plantae,21
167316,Portulaca umbraticola,wingpod purslane,species,Plantae,21
169163,Spermacoce densiflora,,species,Plantae,21
279598,Elionurus muticus,Wire Grass,species,Plantae,21
286503,Urera caracasana,flameberry,species,Plantae,21
287096,Trichilia pallida,,species,Plantae,21
332455,Aloysia citrodora,lemon verbena,species,Plantae,21
334322,Microlobius foetidus,,species,Plantae,21
364997,Butia paraguayensis,,species,Plantae,21
438977,Gymnocalycium schickendantzii,,species,Plantae,21
702361,Gaultheria phillyreifolia,,species,Plantae,21
810581,Justicia oranensis,,species,Plantae,21
816205,Nanodea muscosa,Foxberry,species,Plantae,21
829617,Gavilea chica,,species,Plantae,21
913288,Rhabdadenia ragonesei,,species,Plantae,21
1110724,Justicia kuntzei,,species,Plantae,21
1117853,Schinus pilifera,,species,Plantae,21
1493140,Neltuma humilis,,species,Plantae,21
60317,Veronica peregrina,Purslane Speedwell,species,Plantae,20
138029,Blechnum hastatum,,species,Plantae,20
164424,Lantana trifolia,Ternate Lantana,species,Plantae,20
202489,Inga laurina,sacky sac bean,species,Plantae,20
285224,Ocotea puberula,,species,Plantae,20
317963,Scoparia dulcis,Licorice Weed,species,Plantae,20
465353,Drapetes muscosus,Drapetes,species,Plantae,20
490877,Rhaphithamnus spinosus,Prickly myrtle,species,Plantae,20
984114,Stachys gilliesii,,species,Plantae,20
1418343,Chaetogastra brachyphylla,,species,Plantae,20
60880,Calystegia soldanella,Sea Bindweed,species,Plantae,19
75551,Arenaria lanuginosa,spreading sandwort,species,Plantae,19
78976,Salvinia molesta,Giant Salvinia,species,Plantae,19
139801,Adesmia muricata,,species,Plantae,19
159821,Caperonia castaneifolia,chestnutleaf false croton,species,Plantae,19
185028,Phyllostylon rhamnoides,,species,Plantae,19
288710,Tagetes filifolia,,species,Plantae,19
346966,Viola magellanica,Fuegian violet,species,Plantae,19
534316,Baccharis latifolia,Chilca,species,Plantae,19
603356,Mutisia coccinea,,species,Plantae,19
790122,Psidium kennedyanum,,species,Plantae,19
790302,Senecio heterotrichius,,species,Plantae,19
945458,Aniseia argentina,,species,Plantae,19
965521,Sorocea sprucei,,species,Plantae,19
987170,Prosopidastrum globosum,,species,Plantae,19
1023196,Carex decidua,Creek sedge,species,Plantae,19
1064261,Sphaeralcea chenopodifolia,,species,Plantae,19
1246846,Passiflora urnifolia,,species,Plantae,19
137962,Cheilanthes micropteris,,species,Plantae,18
138379,Mimosa xanthocentra,,species,Plantae,18
154538,Guazuma ulmifolia,West Indian Elm,species,Plantae,18
165713,Nierembergia scoparia,broom cupflower,species,Plantae,18
169081,Solanum robustum,shrubby nightshade,species,Plantae,18
275638,Pteridium arachnoideum,tropical brackenfern,species,Plantae,18
364200,Allagoptera campestris,,species,Plantae,18
465343,Azorella selago,Cushion azorella,species,Plantae,18
627282,Munnozia hastifolia,,species,Plantae,18
790532,Isostigma peucedanifolium,,species,Plantae,18
994350,Cuscuta grandiflora,,species,Plantae,18
1041789,Prosopidastrum angusticarpum,,species,Plantae,18
1063427,Baccharis penningtonii,,species,Plantae,18
1368644,Abutilon densiflorum,,species,Plantae,18
76943,Erigeron sumatrensis,tropical horseweed,species,Plantae,17
135497,Ephedra boelckei,,species,Plantae,17
511277,Senecio subumbellatus,,species,Plantae,17
551019,Sinningia elatior,,species,Plantae,17
604037,Dunalia brachyacantha,,species,Plantae,17
854016,Fabiana patagonica,,species,Plantae,17
971305,Adesmia bicolora,,species,Plantae,17
1085054,Pappostipa humilis,,species,Plantae,17
119900,Rhipsalis baccifera,Mistletoe Cactus,species,Plantae,16
137092,Pteris deflexa,,species,Plantae,16
143532,Carex magellanica,Tall Bog-sedge,species,Plantae,16
154888,Pachystachys lutea,golden shrimp plant,species,Plantae,16
165138,Manihot esculenta,Cassava,species,Plantae,16
204753,Selaginella sellowii,,species,Plantae,16
544561,Microgramma squamulosa,,species,Plantae,16
630561,Baccharis linearis,Chilean little rosemary,species,Plantae,16
636276,Draba magellanica,Fuegian whitlowgrass,species,Plantae,16
746567,Amphilophium crucigerum,Monkey's comb,species,Plantae,16
795525,Monttea schickendantzii,,species,Plantae,16
797103,Azorella filamentosa,Wiry azorella,species,Plantae,16
905030,Baccharis rhomboidalis,,species,Plantae,16
950794,Lycium americanum,Inagua Lycium,species,Plantae,16
1198433,Leucheria eriocephala,,species,Plantae,16
1230562,Maytenus chubutensis,,species,Plantae,16
1287122,Randia heteromera,,species,Plantae,16
1352273,Euphrasia trifida,,species,Plantae,16
1397467,Rhipsalis shaferi,,species,Plantae,16
83920,Guarea guidonia,American muskwood,species,Plantae,15
165694,Nertera granadensis,Beadplant,species,Plantae,15
182373,Gibasis geniculata,,species,Plantae,15
184051,Colignonia glomerata,,species,Plantae,15
207501,Dicksonia sellowiana,imperial samambaiaçu,species,Plantae,15
246102,Sphagneticola trilobata,Trailing Daisy,species,Plantae,15
290955,Ruellia geminiflora,,species,Plantae,15
340558,Alchornea glandulosa,,species,Plantae,15
490916,Gevuina avellana,Chilean Hazel,species,Plantae,15
509342,Ageratina glechonophylla,,species,Plantae,15
560913,Campomanesia xanthocarpa,,species,Plantae,15
769402,Cordia ecalyculata,,species,Plantae,15
781603,Aristolochia macroura,,species,Plantae,15
806758,Calceolaria polyclada,,species,Plantae,15
945625,Camonea umbellata,yellow merremia,species,Plantae,15
974991,Pleurophora saccocarpa,,species,Plantae,15
1007066,Machaonia brasiliensis,,species,Plantae,15
1067759,Euphorbia papillosa,,species,Plantae,15
1077047,Doryopteris triphylla,,species,Plantae,15
1078969,Dahlstedtia muehlbergiana,,species,Plantae,15
1361565,Miconia australis,,species,Plantae,15
1467434,Celtis spinosa,,species,Plantae,15
51988,Physalis peruviana,Cape gooseberry,species,Plantae,14
139092,Indigofera asperifolia,,species,Plantae,14
164084,Ipomoea dumetorum,railwaycreeper,species,Plantae,14
404243,Oenothera indecora,Small-flower evening-primrose,species,Plantae,14
563903,Passiflora elegans,,species,Plantae,14
746882,Campsidium valdivianum,,species,Plantae,14
794416,Onoseris alata,,species,Plantae,14
823436,Phytolacca tetramera,,species,Plantae,14
866821,Louisiella elephantipes,,species,Plantae,14
899585,Pleopeltis pleopeltifolia,,species,Plantae,14
909350,Celtis brasiliensis,,species,Plantae,14
913909,Monnina cuneata,,species,Plantae,14
928269,Senecio fistulosus,,species,Plantae,14
1064067,Bougainvillea campanulata,,species,Plantae,14
1078983,Eugenia repanda,,species,Plantae,14
1117857,Schinus polygama,Chilean pepper tree,species,Plantae,14
1148428,Pomaria rubicunda,,species,Plantae,14
1228710,Baccharis stenophylla,,species,Plantae,14
1241356,Archidasyphyllum diacanthoides,,species,Plantae,14
1283830,Calceolaria chelidonioides,,species,Plantae,14
1604205,Mionandra fischeri,,species,Plantae,14
63913,Lemna gibba,Fat Duckweed,species,Plantae,13
76656,Digitaria californica,Arizona cottontop,species,Plantae,13
159822,Caperonia palustris,Sacatrapo,species,Plantae,13
165586,Muntingia calabura,calabur tree,species,Plantae,13
447317,Schinus roigii,,species,Plantae,13
481697,Myriopteris aurea,golden lipfern,species,Plantae,13
622777,Draba gilliesii,,species,Plantae,13
630052,Achyrocline alata,,species,Plantae,13
635473,Carex fuscula,Dusky sedge,species,Plantae,13
704688,Perezia pungens,,species,Plantae,13
705036,Solanum fiebrigii,,species,Plantae,13
907480,Distimake dissectus,Alamo vine,species,Plantae,13
1020180,Lagenophora hariotii,,species,Plantae,13
1043396,Kaunia saltensis,,species,Plantae,13
1149190,Heteropterys dumetorum,,species,Plantae,13
1199665,Tillandsia schreiteri,,species,Plantae,13
1243706,Wedelia pascalioides,,species,Plantae,13
1278178,Jacquemontia blanchetii,,species,Plantae,13
1280366,Mimosa ostenii,,species,Plantae,13
1397970,Baccharis caprariifolia,,species,Plantae,13
1552499,Orthopappus angustifolius,,species,Plantae,13
1557482,Senega linoides,,species,Plantae,13
1577856,Pseudalbizzia niopoides,,species,Plantae,13
132451,Tithonia diversifolia,Mexican sunflower,species,Plantae,12
135479,Ephedra americana,American Ephedra,species,Plantae,12
135741,Pilgerodendron uviferum,Guaitecas cypress,species,Plantae,12
285150,Hyptis brevipes,lesser roundweed,species,Plantae,12
286053,Clematis haenkeana,,species,Plantae,12
624349,Euphrasia antarctica,antarctic eyebright,species,Plantae,12
776842,Austrolycopodium magellanicum,Magellanic clubmoss,species,Plantae,12
852376,Picramnia sellowii,,species,Plantae,12
855607,Brachystele dilatata,,species,Plantae,12
910438,Plectocephalus tweediei,,species,Plantae,12
913817,Monnina tristaniana,,species,Plantae,12
936408,Calliandra foliolosa,,species,Plantae,12
1277025,Glandularia tomophylla,,species,Plantae,12
75832,Boehmeria cylindrica,false nettle,species,Plantae,11
163710,Heteranthera reniformis,Kidneyleaf mud plantain,species,Plantae,11
169520,Tabebuia aurea,Yellow Trumpet-tree,species,Plantae,11
366402,Butia noblickii,,species,Plantae,11
427340,Passiflora amethystina,,species,Plantae,11
441409,Opuntia arechavaletae,,species,Plantae,11
499544,Larrea ameghinoi,,species,Plantae,11
842423,Sisyrinchium minutiflorum,,species,Plantae,11
969071,Condylocarpon isthmicum,,species,Plantae,11
1076734,Sorghastrum pellitum,,species,Plantae,11
1131747,Nothoscordum montevidense,,species,Plantae,11
1276016,Senecio arechavaletae,,species,Plantae,11
1413563,Mimosa tandilensis,,species,Plantae,11
58347,Juncus balticus,Baltic Rush,species,Plantae,10
75385,Alternanthera caracasana,mat chaff-flower,species,Plantae,10
127676,Bixa orellana,Lipsticktree,species,Plantae,10
153994,Tinantia erecta,Upright tinantia,species,Plantae,10
170045,Triumfetta semitriloba,Sacramento bur,species,Plantae,10
327754,Oxalis triangularis,false shamrock,species,Plantae,10
465340,Abrotanella emarginata,Notched moss-bog,species,Plantae,10
484664,Pappophorum caespitosum,,species,Plantae,10
563910,Plinia rivularis,,species,Plantae,10
794092,Mutisia hamata,,species,Plantae,10
808359,Billbergia zebrina,,species,Plantae,10
824715,Sinningia tubiflora,,species,Plantae,10
855993,Hydrangea serratifolia,,species,Plantae,10
910621,Jacaranda micrantha,,species,Plantae,10
958622,Geranium parodii,,species,Plantae,10
993586,Distimake cissoides,,species,Plantae,10
1002056,Botrychium dusenii,Dusen's moonwort,species,Plantae,10
1044928,Baccharis phyteumoides,,species,Plantae,10
1063055,Eugenia modesta,,species,Plantae,10
1292640,Silene magellanica,,species,Plantae,10
1429456,Dimerostemma hieronymi,,species,Plantae,10
56406,Marchantia polymorpha,Common Liverwort,species,Plantae,9
81515,Senna alata,Candelabra Bush,species,Plantae,9
83417,Evolvulus nummularius,Dwarf Morning Glory,species,Plantae,9
118965,Genipa americana,Genipap Tree,species,Plantae,9
130002,Acmella oppositifolia,Oppositeleaf Spotflower,species,Plantae,9
277808,Coriaria ruscifolia,,species,Plantae,9
338223,Hypochaeris taraxacoides,,species,Plantae,9
494379,Carex phleoides,,species,Plantae,9
525575,Tillandsia stricta,upright airplant,species,Plantae,9
553244,Pleopeltis pinnatifida,,species,Plantae,9
578598,Randia ferox,,species,Plantae,9
626652,Mutisia sinuata,,species,Plantae,9
636152,Plantago barbata,,species,Plantae,9
747134,Apuleia leiocarpa,,species,Plantae,9
1021631,Zygia morongii,,species,Plantae,9
1065815,Trichocline auriculata,,species,Plantae,9
1066572,Atriplex crenatifolia,,species,Plantae,9
1072718,Schinus marchandii,,species,Plantae,9
1073306,Baccharis divaricata,,species,Plantae,9
76225,Cestrum nocturnum,night jessamine,species,Plantae,8
126236,Annona cherimola,Cherimoya,species,Plantae,8
131557,Melothria pendula,creeping cucumber,species,Plantae,8
157901,Acalypha poiretii,Poiret's copperleaf,species,Plantae,8
273963,Piptochaetium stipoides,stipoid ricegrass,species,Plantae,8
286151,Coccocypselum lanceolatum,,species,Plantae,8
286154,Coutarea hexandra,,species,Plantae,8
327909,Turnera subulata,Cuban Buttercup,species,Plantae,8
486655,Palicourea croceoides,Yellow Cedar,species,Plantae,8
490926,Adesmia emarginata,,species,Plantae,8
551015,Doryopteris pentagona,,species,Plantae,8
634529,Berroa gnaphalioides,,species,Plantae,8
636173,Astelia pumila,soft-camp-bog,species,Plantae,8
772903,Sporobolus alterniflorus,Saltmarsh Cordgrass,species,Plantae,8
779803,Aristolochia stuckertii,,species,Plantae,8
785419,Viola tridentata,Mountain violet,species,Plantae,8
790997,Plantago sempervivoides,,species,Plantae,8
792778,Acicarpha procumbens,,species,Plantae,8
867186,Cyathea atrovirens,,species,Plantae,8
867920,Tetroncium magellanicum,Arrowgrass,species,Plantae,8
889623,Symplocos uniflora,,species,Plantae,8
898488,Vachellia albicorticata,,species,Plantae,8
1031109,Xylosma tweediana,,species,Plantae,8
1038929,Selenicereus setaceus,,species,Plantae,8
1080566,Chomelia obtusa,,species,Plantae,8
1181722,Zephyranthes pedunculosa,,species,Plantae,8
1232288,Peperomia comarapana,,species,Plantae,8
1340214,Achyrocline flaccida,,species,Plantae,8
126487,Calandrinia acaulis,,species,Plantae,7
132176,Niphidium crassifolium,graceful fern,species,Plantae,7
161481,Cyperus reflexus,Bentawn Flatsedge,species,Plantae,7
164414,Lagascea mollis,Silkleaf,species,Plantae,7
192600,Gaultheria nubigena,,species,Plantae,7
199400,Chromolaena odorata,Siam weed,species,Plantae,7
289741,Tagetes terniflora,,species,Plantae,7
547414,Noticastrum marginatum,,species,Plantae,7
548692,Laureliopsis philippiana,,species,Plantae,7
557783,Salpichroa tristis,,species,Plantae,7
592193,Plantago myosuros,Mouse Plantain,species,Plantae,7
633397,Baccharis breviseta,,species,Plantae,7
635564,Carex sagei,Sage's Sedge,species,Plantae,7
712820,Azorella biloba,,species,Plantae,7
792817,Schlechtendalia luzulifolia,,species,Plantae,7
895696,Stevia minor,,species,Plantae,7
980569,Aldama helianthoides,,species,Plantae,7
1042210,Lomariocycas magellanica,Tall Fern,species,Plantae,7
1078917,Chromolaena pedunculosa,,species,Plantae,7
1100085,Silene echegarayi,,species,Plantae,7
1149342,Culcitium depressum,,species,Plantae,7
1180506,Peperomia delicatula,,species,Plantae,7
1243532,Wedelia aurantiaca,,species,Plantae,7
1464524,Gloxinia major,,species,Plantae,7
48556,Drymaria cordata,whitesnow,species,Plantae,6
56153,Juncus effusus,Soft Rush,species,Plantae,6
62937,Allamanda cathartica,Golden Trumpet,species,Plantae,6
78975,Salvinia minima,water spangles,species,Plantae,6
79147,Soleirolia soleirolii,Baby's tears,species,Plantae,6
141005,Heliconia farinosa,,species,Plantae,6
147343,Acanthospermum australe,Paraguayan starburr,species,Plantae,6
159346,Bougainvillea glabra,lesser bougainvillea,species,Plantae,6
160005,Carex macloviana,Thickhead sedge,species,Plantae,6
161255,Cuphea carthagenensis,Colombian waxweed,species,Plantae,6
162826,Euphorbia graminea,Grassleaf Spurge,species,Plantae,6
164861,Ludwigia octovalvis,Mexican Primrose-willow,species,Plantae,6
275577,Lygodium volubile,,species,Plantae,6
277571,Didymopanax morototoni,matchwood,species,Plantae,6
278321,Peperomia urocarpa,,species,Plantae,6
287316,Murraya paniculata,Orange Jasmine,species,Plantae,6
288904,Jaegeria hirta,,species,Plantae,6
289777,Baccharis trinervis,,species,Plantae,6
327718,Erythrina poeppigiana,mountain immortelle,species,Plantae,6
336344,Artemisia verlotiorum,Chinese Mugwort,species,Plantae,6
342687,Gaultheria myrsinoides,cacalote,species,Plantae,6
482842,Ipomoea aristolochiifolia,,species,Plantae,6
506950,Ipomoea setifera,,species,Plantae,6
543635,Drimys andina,,species,Plantae,6
601728,Lippia lupulina,,species,Plantae,6
701433,Schizanthus hookeri,Mariposita,species,Plantae,6
712411,Calceolaria tenella,,species,Plantae,6
750869,Dendropanax cuneatus,,species,Plantae,6
765107,Gaultheria caespitosa,,species,Plantae,6
772024,Brunfelsia plowmaniana,,species,Plantae,6
782971,Myrteola nummularia,Teaberry,species,Plantae,6
829619,Gavilea litoralis,Yellow Orchid,species,Plantae,6
874161,Baccharis racemosa,,species,Plantae,6
887379,Rubus boliviensis,,species,Plantae,6
936421,Distimake aegyptius,Egyptian woodrose,species,Plantae,6
972932,Mandevilla grata,,species,Plantae,6
1003953,Mikania hemisphaerica,,species,Plantae,6
1072124,Nectandra lanceolata,,species,Plantae,6
1078993,Prunus subcoriacea,,species,Plantae,6
1126536,Heteranthera multiflora,Multi-Flowered Mud-Plantain,species,Plantae,6
1243658,Wedelia kerrii,,species,Plantae,6
1318532,Chaetogastra herbacea,cane tibouchina,species,Plantae,6
1418897,Solanum consimile,,species,Plantae,6
1568453,Ceiba guarani,,species,Plantae,6
1618225,Chloraea gaudichaudii,Gaudichaud's orchid,species,Plantae,6
71036,Aristolochia gigantea,Brazilian Dutchman's Pipe,species,Plantae,5
131561,Euphorbia hyssopifolia,hyssop spurge,species,Plantae,5
133287,Solanum mauritianum,bugweed,species,Plantae,5
138486,Zapoteca formosa,,species,Plantae,5
141854,Urtica gracilis,slender stinging nettle,species,Plantae,5
160869,Corchorus orinocensis,Orinoco jute,species,Plantae,5
164213,Jacquemontia pentanthos,Skyblue Clustervine,species,Plantae,5
165482,Mitracarpus hirtus,Tropical Girdlepod,species,Plantae,5
165859,Ophioglossum crotalophoroides,bulbous adder's-tongue,species,Plantae,5
209896,Cordia alliodora,Spanish elm,species,Plantae,5
280702,Myroxylon peruiferum,,species,Plantae,5
286085,Rubus urticifolius,Ecuadorian mountain berry,species,Plantae,5
287816,Hibiscus sororius,,species,Plantae,5
327241,Pseudelephantopus spiralis,spiral dog's-tongue,species,Plantae,5
427620,Erythrina speciosa,Ivory Coral Tree,species,Plantae,5
474336,Garcinia brasiliensis,,species,Plantae,5
543078,Glandularia dissecta,,species,Plantae,5
556727,Chaptalia exscapa,,species,Plantae,5
635479,Lobelia pratiana,Berry-lobelia,species,Plantae,5
772046,Calibrachoa calycina,,species,Plantae,5
791080,Plantago tehuelcha,,species,Plantae,5
896266,Suaeda argentinensis,Argentine Seepweed,species,Plantae,5
897977,Olsynium acaule,,species,Plantae,5
903046,Zephyranthes filifolia,,species,Plantae,5
976518,Potamogeton linguatus,Native Pondweed,species,Plantae,5
1023185,Hypochaeris arenaria,Sand cat's-ear,species,Plantae,5
1031931,Arachis villosa,,species,Plantae,5
1070825,Baccharis vulneraria,,species,Plantae,5
1079606,Eugenia mansoi,,species,Plantae,5
1095846,Bidens alba,White beggarticks,species,Plantae,5
1099801,Aldama revoluta,,species,Plantae,5
1188774,Dalechampia stenosepala,,species,Plantae,5
1252531,Phycella maulensis,,species,Plantae,5
1398452,Silene argentina,,species,Plantae,5
1429725,Odontocarya asarifolia,,species,Plantae,5
1433608,Tripogandra purpurascens,,species,Plantae,5
1461715,Carex aematorhyncha,Blood beak sedge,species,Plantae,5
1549826,Nissolia nigricans,,species,Plantae,5
48514,Capsicum annuum,chili pepper,species,Plantae,4
55981,Lapsana communis,nipplewort,species,Plantae,4
60121,Hydrocotyle verticillata,Whorled Pennywort,species,Plantae,4
76650,Dichondra micrantha,Asian ponysfoot,species,Plantae,4
76907,Erigeron canadensis,horseweed,species,Plantae,4
77254,Geranium core-core,Alderney Crane's-bill,species,Plantae,4
122965,Ananas comosus,pineapple,species,Plantae,4
128652,Salvia coccinea,Tropical sage,species,Plantae,4
155129,Sigesbeckia jorullensis,,species,Plantae,4
166894,Piper aduncum,spiked pepper,species,Plantae,4
169500,Synedrella nodiflora,Nodeweed,species,Plantae,4
210079,Zanthoxylum riedelianum,,species,Plantae,4
276273,Phytolacca rivinoides,Venezuelan pokeweed,species,Plantae,4
276440,Aechmea bromeliifolia,,species,Plantae,4
276817,Juncus microcephalus,,species,Plantae,4
279337,Mimosa somnians,,species,Plantae,4
283511,Eleutherine bulbosa,,species,Plantae,4
286055,Ranunculus flagelliformis,,species,Plantae,4
286496,Pilea pubescens,,species,Plantae,4
289821,Mikania vitifolia,,species,Plantae,4
363723,Alopecurus magellanicus,Alpine Foxtail,species,Plantae,4
401151,Crassula moschata,Shore Stonecrop,species,Plantae,4
409046,Amsinckia calycina,Yellow Gromwell,species,Plantae,4
439587,Lepismium houlletianum,Snowdrop Cactus,species,Plantae,4
461865,Cybistax antisyphilitica,,species,Plantae,4
523258,Gomesa planifolia,,species,Plantae,4
563933,Baccharis microdonta,,species,Plantae,4
606718,Baccharis sagittalis,,species,Plantae,4
631706,Sarcothalia crispata,,species,Plantae,4
704574,Distichia muscoides,,species,Plantae,4
737189,Pyropia columbina,,species,Plantae,4
738777,Veronica elliptica,Shore Hebe,species,Plantae,4
788007,Zygopetalum maxillare,,species,Plantae,4
841660,Hippeastrum aulicum,,species,Plantae,4
861051,Tradescantia umbraculifera,Umbrella Spiderwort,species,Plantae,4
883948,Maxillaria picta,,species,Plantae,4
913839,Monnina resedoides,,species,Plantae,4
916728,Cenostigma pluviosum,,species,Plantae,4
931865,Myrcianthes pseudomato,,species,Plantae,4
939085,Lepidaploa remotiflora,,species,Plantae,4
971924,Baccharis tenella,,species,Plantae,4
978422,Jacquemontia evolvuloides,Midnight-Blue Clustervine,species,Plantae,4
980670,Taraxacum gilliesii,Gillies's dandelion,species,Plantae,4
1005194,Thyrsacanthus boliviensis,,species,Plantae,4
1023181,Ranunculus hydrophilus,Marsh buttercup,species,Plantae,4
1031112,Baccharis oxyodonta,,species,Plantae,4
1045552,Lupinus austrorientalis,,species,Plantae,4
1068724,Stemodia stricta,,species,Plantae,4
1099061,Prosopidastrum striatum,,species,Plantae,4
1117884,Schinus sinuata,,species,Plantae,4
1130122,Lepidium auriculatum,,species,Plantae,4
1139161,Gamochaeta filaginea,,species,Plantae,4
1159122,Carex darwinii,,species,Plantae,4
1159755,Hieracium palezieuxii,,species,Plantae,4
1243411,Aldama mollis,,species,Plantae,4
1267426,Senecio hualtaranensis,,species,Plantae,4
1429717,Lupinus paraguariensis,,species,Plantae,4
51921,Mimosa pudica,Sensitive Plant,species,Plantae,3
52929,Commelina obliqua,,species,Plantae,3
53143,Madia sativa,coast tarweed,species,Plantae,3
57107,Juncus bufonius,Toad rush,species,Plantae,3
60173,Spergularia villosa,hairy sandspurry,species,Plantae,3
62833,Cedrela odorata,West Indies Cedrela,species,Plantae,3
75395,Amaranthus hybridus,Smooth Pigweed,species,Plantae,3
78127,Muehlenbeckia hastulata,wirevine,species,Plantae,3
122976,Lactuca sativa,lettuce,species,Plantae,3
127387,Codiaeum variegatum,Variegated Croton,species,Plantae,3
133667,Myrsine coriacea,Leathery Colicwood,species,Plantae,3
135486,Ephedra multiflora,,species,Plantae,3
143203,Salvia splendens,Scarlet Sage,species,Plantae,3
158452,Apium prostratum,Sea Celery,species,Plantae,3
161574,Cyrtopodium punctatum,Cowhorn Orchid,species,Plantae,3
161821,Dichondra argentea,silver ponysfoot,species,Plantae,3
162208,Egletes viscosa,,species,Plantae,3
168404,Salvinia auriculata,Eared Watermoss,species,Plantae,3
168840,Senna hirsuta,hairy senna,species,Plantae,3
168938,Sida urens,Tropical Fanpetals,species,Plantae,3
169055,Solanum capsicoides,Cockroach Berry,species,Plantae,3
279260,Alternanthera ficoidea,sanguinaria,species,Plantae,3
285325,Adenaria floribunda,,species,Plantae,3
286045,Roupala montana,,species,Plantae,3
286293,Spermacoce confusa,river false buttonweed,species,Plantae,3
316857,Gouania polygama,liane savon,species,Plantae,3
327445,Woodsia montevidensis,,species,Plantae,3
337665,Lophophytum mirabile,,species,Plantae,3
343971,Brunfelsia pauciflora,Brazil raintree,species,Plantae,3
348394,Cynophalla flexuosa,bay-leaved caper,species,Plantae,3
359748,Blechnum cordatum,Greater Hard-fern,species,Plantae,3
402867,Juncus scheuchzerioides,Native rush,species,Plantae,3
405825,Sceptridium australe,parsley fern,species,Plantae,3
443391,Schinus engleri,,species,Plantae,3
526642,Lycianthes lycioides,lycium-like solanum,species,Plantae,3
543021,Diospyros inconstans,,species,Plantae,3
543249,Sisyrinchium commutatum,,species,Plantae,3
564028,Utricularia tricolor,,species,Plantae,3
624346,Carex vallis-pulchrae,Marsh sedge,species,Plantae,3
624367,Symphyotrichum vahlii,Marsh Daisy,species,Plantae,3
703454,Alstroemeria isabelleana,,species,Plantae,3
772068,Calibrachoa pygmea,,species,Plantae,3
781611,Glandularia selloi,,species,Plantae,3
794146,Mutisia linearifolia,,species,Plantae,3
860937,Tradescantia cymbispatha,Velvety Spiderwort,species,Plantae,3
884354,Hexasepalum sarmentosum,,species,Plantae,3
918117,Steinchisma laxum,Lax Panicgrass,species,Plantae,3
935485,Pseudognaphalium cheiranthifolium,,species,Plantae,3
949080,Cerastium rivulare,,species,Plantae,3
968036,Eugenia pitanga,,species,Plantae,3
974081,Muellera fluvialis,,species,Plantae,3
1006949,Cienfuegosia ulmifolia,,species,Plantae,3
1023182,Agoseris coronopifolia,Fuegian hawk's-beard,species,Plantae,3
1099425,Condylostylis candida,,species,Plantae,3
1113011,Pleroma mutabile,,species,Plantae,3
1145476,Hypochaeris variegata,,species,Plantae,3
1340286,Senecio pachyphyllos,,species,Plantae,3
1396196,Eugenia anomala,,species,Plantae,3
1425326,Ruehssia altissima,,species,Plantae,3
1429488,Sida regnellii,,species,Plantae,3
1432109,Dioscorea glandulosa,,species,Plantae,3
1433867,Senecio maeviae,,species,Plantae,3
1607521,Hymenachne pernambucensis,,species,Plantae,3
1617135,Anatherum bicorne,bicornis grass,species,Plantae,3
47602,Taraxacum officinale,common dandelion,species,Plantae,2
48888,Miconia calvescens,velvet tree,species,Plantae,2
53184,Digitaria insularis,Sourgrass,species,Plantae,2
60350,Artemisia absinthium,absinthe wormwood,species,Plantae,2
60957,Gamochaeta purpurea,Purple Cudweed,species,Plantae,2
62949,Bougainvillea spectabilis,beautiful bougainvillea,species,Plantae,2
71121,Mazzaella laminarioides,spoon luga,species,Plantae,2
71153,Nicotiana acuminata,manyflower tobacco,species,Plantae,2
76584,Cyperus esculentus,yellow nutsedge,species,Plantae,2
76664,Diplotaxis muralis,annual wall-rocket,species,Plantae,2
77299,Gossypium hirsutum,Upland Cotton,species,Plantae,2
77742,Lilaeopsis occidentalis,western grasswort,species,Plantae,2
77914,Lycopodium clavatum,stag's-horn clubmoss,species,Plantae,2
83257,Ocimum campechianum,wild sweet basil,species,Plantae,2
84194,Chamaecrista flexuosa,Texas Sensitive Pea,species,Plantae,2
120008,Ludwigia decurrens,Wingleaf Primrose-Willow,species,Plantae,2
126300,Ipomoea hederifolia,scarlet creeper,species,Plantae,2
127936,Chiococca alba,West Indian milkberry,species,Plantae,2
134205,Senna bicapsularis,Money Bush,species,Plantae,2
135488,Ephedra rupestris,,species,Plantae,2
135688,Podocarpus nubigenus,Chilean totara,species,Plantae,2
141278,Tillandsia geminiflora,,species,Plantae,2
142803,Lophosoria quadripinnata,diamondleaf fern,species,Plantae,2
147998,Calceolaria tripartita,gold purse,species,Plantae,2
159110,Axonopus compressus,broadleaf carpetgrass,species,Plantae,2
159361,Bouteloua simplex,Matted Grama,species,Plantae,2
159681,Callisia repens,Creeping Inch Plant,species,Plantae,2
162123,Dryopteris wallichiana,Wallich's wood fern,species,Plantae,2
162969,Ficus americana,West Indian Laurel Fig,species,Plantae,2
164215,Jacquemontia tamnifolia,Hairy cluster-vine,species,Plantae,2
164426,Lantana velutina,Velvet Lantana,species,Plantae,2
167517,Psilotum nudum,skeleton fork fern,species,Plantae,2
168922,Sida acuta,Spinyhead Sida,species,Plantae,2
169583,Tectaria incisa,incised halberd fern,species,Plantae,2
183247,Aextoxicon punctatum,olivillo,species,Plantae,2
200023,Soliva anthemifolia,Button Burweed,species,Plantae,2
200050,Acmella repens,Oppositeleaf Spotflower,species,Plantae,2
243637,Lantana horrida,,species,Plantae,2
260753,Heliconia psittacorum,Parrot's Beak,species,Plantae,2
273857,Bocconia integrifolia,Entire-leaved Tree Celandine,species,Plantae,2
275610,Adiantum latifolium,broadleaf maidenhair,species,Plantae,2
285787,Nymphaea prolifera,,species,Plantae,2
286239,Palicourea crocea,Cachimbo,species,Plantae,2
287893,Inga affinis,,species,Plantae,2
288649,Brickellia diffusa,,species,Plantae,2
288693,Schistocarpha eupatorioides,,species,Plantae,2
289587,Salmea scandens,,species,Plantae,2
292150,Piper hispidum,,species,Plantae,2
327287,Acmella ciliata,,species,Plantae,2
332442,Annona mucosa,Biriba,species,Plantae,2
356250,Sagittaria rhombifolia,Amazon Sword Plant,species,Plantae,2
363597,Senecio tamoides,Canary creeper,species,Plantae,2
427503,Dichorisandra thyrsiflora,Blue ginger,species,Plantae,2
431518,Puya alpestris,Sapphire tower,species,Plantae,2
468336,Handroanthus chrysotrichus,Golden trumpet tree,species,Plantae,2
509178,Oxalis lasiopetala,,species,Plantae,2
525874,Chusquea quila,Taihuen,species,Plantae,2
549251,Justicia axillaris,,species,Plantae,2
570275,Xylopia brasiliensis,,species,Plantae,2
635472,Ranunculus trullifolius,ladle-leaved buttercup,species,Plantae,2
639337,Senecio patagonicus,,species,Plantae,2
705617,Clarkia tenella,,species,Plantae,2
718894,Tourrettia lappacea,,species,Plantae,2
774126,Erodium geoides,Argentine Stork's-bill,species,Plantae,2
793977,Gloxinia erinoides,,species,Plantae,2
803699,Hippeastrum glaucescens,,species,Plantae,2
806753,Calceolaria pinifolia,,species,Plantae,2
860675,Sticherus cryptocarpus,Coral fern,species,Plantae,2
867132,Muellera campestris,,species,Plantae,2
880817,Oxalis rhombeo-ovata,,species,Plantae,2
883069,Hymenophyllum tortuosum,Twisted filmy-fern,species,Plantae,2
898882,Euphrasia subexserta,,species,Plantae,2
904525,Escallonia serrata,,species,Plantae,2
922303,Trixis proustioides,,species,Plantae,2
924673,Ipheion tweedieanum,,species,Plantae,2
925474,Acaena pumila,Dwarf prickly-burr,species,Plantae,2
945459,Aniseia luxurians,,species,Plantae,2
975323,Onoseris hastata,,species,Plantae,2
993570,Distimake macrocalyx,,species,Plantae,2
1010131,Senecio otites,,species,Plantae,2
1013814,Campomanesia guaviroba,,species,Plantae,2
1014428,Begonia fruticosa,,species,Plantae,2
1023190,Stellaria debilis,Native stichwort,species,Plantae,2
1031922,Brachystele camporum,,species,Plantae,2
1041782,Sphaeralcea crispa,,species,Plantae,2
1090203,Baccharis tridentata,,species,Plantae,2
1117609,Pleroma heteromallum,silverleafed princess flower,species,Plantae,2
1146709,Buddleja angusticarpa,,species,Plantae,2
1149375,Culcitium tenellum,,species,Plantae,2
1178149,Glandularia subincana,,species,Plantae,2
1197044,Pachystachys azaleiflora,,species,Plantae,2
1235198,Palicourea macrobotrys,,species,Plantae,2
1264656,Zephyranthes gracilifolia,,species,Plantae,2
1266266,Digitaria sacchariflora,,species,Plantae,2
1275881,Podostemum comatum,,species,Plantae,2
1367415,Metrosideros stipularis,Tepu,species,Plantae,2
1418314,Gamocarpha graminea,,species,Plantae,2
1429277,Krapovickasia urticifolia,,species,Plantae,2
1430547,Myrciaria delicatula,,species,Plantae,2
1432914,Senecio belenensis,,species,Plantae,2
1432935,Senecio calingastensis,,species,Plantae,2
1433105,Senecio diemii,,species,Plantae,2
1436805,Funastrum flavum,,species,Plantae,2
1441364,Myrcia glomerata,,species,Plantae,2
1545728,Erechtites albiflorus,,species,Plantae,2
48070,Sagittaria latifolia,broadleaf arrowhead,species,Plantae,1
51832,Hippeastrum reginae,Mexican Lily,species,Plantae,1
52328,Amaranthus cruentus,Red amaranth,species,Plantae,1
53778,Santolina chamaecyparissus,Lavender-cotton,species,Plantae,1
61839,Oxalis latifolia,Garden pink-sorrel,species,Plantae,1
62811,Carica papaya,Papaya,species,Plantae,1
62942,Ipomoea triloba,Littlebell,species,Plantae,1
64208,Symphyotrichum subulatum,annual saltmarsh aster,species,Plantae,1
68293,Polytrichum commune,Common Haircap Moss,species,Plantae,1
75602,Asclepias curassavica,tropical milkweed,species,Plantae,1
75833,Boerhavia coccinea,scarlet spiderling,species,Plantae,1
77562,Juncus cyperoides,bolivian rush,species,Plantae,1
77779,Lindernia dubia,Yellowseed False Pimpernel,species,Plantae,1
77835,Lonicera japonica,Japanese honeysuckle,species,Plantae,1
79138,Solanum furcatum,forked nightshade,species,Plantae,1
83908,Cordia superba,,species,Plantae,1
118916,Marsypianthes chamaedrys,,species,Plantae,1
119099,Jatropha gossypiifolia,Bellyache Bush,species,Plantae,1
135480,Ephedra breana,Pingo-pingo,species,Plantae,1
137239,Pleopeltis macrocarpa,Bigfruit Scaly Polypody,species,Plantae,1
138576,Senna macranthera,,species,Plantae,1
154852,Pachira aquatica,provision tree,species,Plantae,1
158226,Alternanthera brasiliana,Ruby Leaf,species,Plantae,1
162702,Eryngium foetidum,Mexican Culantro,species,Plantae,1
163352,Gossypium barbadense,Sea Island Cotton,species,Plantae,1
163471,Gynerium sagittatum,,species,Plantae,1
163640,Heliconia latispatha,Expanded Lobsterclaw,species,Plantae,1
164010,Hypochaeris microcephala,white cat's ear,species,Plantae,1
164095,Ipomoea pubescens,Silky Morning Glory,species,Plantae,1
164103,Ipomoea trifida,threefork morning glory,species,Plantae,1
164411,Laennecia sophiifolia,Leafy Horseweed,species,Plantae,1
164427,Laportea aestuans,West Indian woodnettle,species,Plantae,1
165059,Macroptilium atropurpureum,Purple Bush-Bean,species,Plantae,1
165303,Mentzelia aspera,tropical blazingstar,species,Plantae,1
167270,Polypogon elongatus,Streambank Rabbitsfoot Grass,species,Plantae,1
169502,Syngonium angustatum,fivefingers,species,Plantae,1
202319,Palicourea guianensis,showy cappel,species,Plantae,1
202341,Cyperus hermaphroditus,hermaphrodite flatsedge,species,Plantae,1
204923,Agave vivipara,,species,Plantae,1
243778,Sisyrinchium laxum,Veined Yellow-eyed Grass,species,Plantae,1
273932,Begonia fischeri,Fischer's begonia,species,Plantae,1
275340,Euphorbia cotinifolia,Mexican shrubby spurge,species,Plantae,1
276853,Limnocharis laforestii,,species,Plantae,1
277315,Tradescantia zanonia,Cohitre Blanco,species,Plantae,1
277804,Jacquemontia sphaerostigma,,species,Plantae,1
278678,Phenax sonneratii,Asian ghostweed,species,Plantae,1
280336,Gamochaeta simplicicaulis,singlestem everlasting,species,Plantae,1
280343,Koanophyllon solidaginoides,,species,Plantae,1
281661,Bidens reptans,,species,Plantae,1
282341,Euphorbia lasiocarpa,Roadside Sandmat,species,Plantae,1
284040,Spathiphyllum wallisii,Peace Lily,species,Plantae,1
284894,Ipomoea rubens,Water Morning-glory,species,Plantae,1
286026,Muehlenbeckia tamnifolia,,species,Plantae,1
286494,Pilea hyalina,,species,Plantae,1
288306,Eragrostis tenuifolia,Elastic Grass,species,Plantae,1
288462,Delilia biflora,,species,Plantae,1
289076,Hebeclinium macrophyllum,,species,Plantae,1
289566,Chaptalia runcinata,,species,Plantae,1
291430,Heliopsis buphthalmoides,,species,Plantae,1
327361,Hippeastrum reticulatum,Netted-veined amaryllis,species,Plantae,1
335157,Clerodendrum chinense,Chinese Glorybower,species,Plantae,1
338819,Diphasiastrum thyoides,,species,Plantae,1
344725,Ruellia makoyana,monkey plant,species,Plantae,1
346408,Pachira glabra,saba nut tree,species,Plantae,1
348760,Hippeastrum striatum,Striped Barbados Lily,species,Plantae,1
357827,Tilesia baccata,,species,Plantae,1
363773,Poa flabellata,Tussac-grass,species,Plantae,1
404646,Paronychia brasiliana,Brazilian Whitlow,species,Plantae,1
406068,Solanum crispum,Chilean potato vine,species,Plantae,1
416509,Gaultheria antarctica,Antarctic mountainberry,species,Plantae,1
425920,Gomesa flexuosa,dancing ladies orchid,species,Plantae,1
431480,Poecilanthe parviflora,,species,Plantae,1
490870,Calceolaria dentata,,species,Plantae,1
524223,Bromelia antiacantha,wild banana,species,Plantae,1
551431,Handroanthus ochraceus,golden trumpet tree,species,Plantae,1
557708,Pasithea caerulea,azulillo,species,Plantae,1
571198,Escallonia hypoglauca,,species,Plantae,1
636260,Rumex magellanicus,Southern dock,species,Plantae,1
707583,Colobanthus subulatus,Emerald-bog,species,Plantae,1
716759,Lycianthes repens,,species,Plantae,1
717918,Urtica echinata,,species,Plantae,1
746906,Mutisia subulata,,species,Plantae,1
765217,Gaultheria tenuifolia,,species,Plantae,1
775496,Alstroemeria patagonica,,species,Plantae,1
778062,Valeriana sedifolia,Valarian-bog,species,Plantae,1
780848,Calceolaria corymbosa,,species,Plantae,1
781644,Ruellia blechum,Browne's blechum,species,Plantae,1
782616,Stellaria chilensis,Chilean Starwort,species,Plantae,1
790339,Cerastium humifusum,,species,Plantae,1
793896,Famatinanthus decussatus,,species,Plantae,1
808361,Citharexylum myrianthum,,species,Plantae,1
829080,Mikania banisteriae,,species,Plantae,1
847698,Billbergia distachia,,species,Plantae,1
852081,Moquiniastrum polymorphum,,species,Plantae,1
853676,Oreobolus obtusangulus,,species,Plantae,1
866504,Erigeron laevigatus,Manzanilla Horseweed,species,Plantae,1
873392,Gastoniella chaerophylla,,species,Plantae,1
880101,Schinus meyeri,,species,Plantae,1
884445,Guzmania conifera,,species,Plantae,1
885826,Acaena lucida,Native yarrow,species,Plantae,1
888020,Baccharis alpina,,species,Plantae,1
901004,Grazielia serrata,,species,Plantae,1
903399,Plantago orbignyana,,species,Plantae,1
925460,Acaena antarctica,Antarctic prickly-burr,species,Plantae,1
925920,Poa alopecurus,,species,Plantae,1
957261,Oxalis bipartita,,species,Plantae,1
963947,Hieracium commersonii,,species,Plantae,1
966361,Hypochaeris elata,,species,Plantae,1
969057,Esenbeckia febrifuga,,species,Plantae,1
974652,Cyanaeorchis arundinae,,species,Plantae,1
976513,Carex acaulis,Small dusky sedge,species,Plantae,1
978772,Lagenophora nudicaulis,Dwarf daisy,species,Plantae,1
982307,Chusquea lorentziana,,species,Plantae,1
985459,Lucilia kunthiana,,species,Plantae,1
1023178,Austrolycopodium alboffii,,species,Plantae,1
1023197,Carex delacosta,Hook sedge,species,Plantae,1
1038205,Dioscorea brachybotrya,,species,Plantae,1
1046772,Sanderella discolor,,species,Plantae,1
1051364,Bidens tenera,,species,Plantae,1
1091121,Sisyrinchium hasslerianum,,species,Plantae,1
1097462,Piptocarpha sellovii,,species,Plantae,1
1097993,Ipomoea heptaphylla,Wright's Morning-glory,species,Plantae,1
1099065,Prosopidastrum dehiscens,,species,Plantae,1
1099250,Vriesea philippocoburgi,,species,Plantae,1
1117840,Schinus ferox,,species,Plantae,1
1117849,Schinus myrtifolia,,species,Plantae,1
1139387,Plinia trunciflora,,species,Plantae,1
1149341,Culcitium dasyphyllum,,species,Plantae,1
1149352,Culcitium gilliesii,,species,Plantae,1
1172861,Goeppertia zebrina,Zebra-plant,species,Plantae,1
1194870,Hieracium magellanicum,Antarctic hawkweed,species,Plantae,1
1197277,Adesmia pseudogrisea,,species,Plantae,1
1243516,Aldama tuberosa,,species,Plantae,1
1250122,Vernonanthura brasiliana,,species,Plantae,1
1264664,Zephyranthes robusta,pink rain lily,species,Plantae,1
1277802,Calceolaria uniflora × polyrhiza,,hybrid,Plantae,1
1293231,Miconia crenata,Koster's curse,species,Plantae,1
1312293,Serjania ampelopsis,,species,Plantae,1
1353278,Tragia pinnata,,species,Plantae,1
1358028,Galianthe palustris,,species,Plantae,1
1358675,Ipomoea subrevoluta,,species,Plantae,1
1363873,Alchemilla parodii,,species,Plantae,1
1409178,Hypolepis poeppigii,Bramble-fern,species,Plantae,1
1429280,Holocheilus schulzii,,species,Plantae,1
1430607,Solanum olympicum,,species,Plantae,1
1432225,Eryngium juncifolium,,species,Plantae,1
1432778,Zephyranthes elwesii,,species,Plantae,1
1433081,Senecio colu-huapiensis,,species,Plantae,1
1448005,Solanum neei,,species,Plantae,1
1457230,Plantago dielsiana,,species,Plantae,1
1487805,Baccharis montana,,species,Plantae,1
1551513,Cyperus melanostachyus,Black Flatsedge,species,Plantae,1
1555379,Soliva mexicana,Mexican brassbuttons,species,Plantae,1
1569127,Senega paniculata,rootbeer plant,species,Plantae,1
1569216,Senega adenophylla,,species,Plantae,1
1603470,Anadenanthera macrocarpa,,species,Plantae,1
